job_category,continent,experience_level,employment_type,company_size,work_year,salary_in_usd,salary_in_usd,salary_in_usd
,,,,,,count,mean,std
DATA_ANALYSIS,ASIA_PACIFIC,EN,FT,L,2021,1,42028.0,
DATA_ANALYSIS,ASIA_PACIFIC,EN,FT,L,2022,1,15000.0,
DATA_ANALYSIS,ASIA_PACIFIC,EN,FT,L,2023,1,20673.0,
DATA_ANALYSIS,ASIA_PACIFIC,EN,FT,M,2023,3,39756.0,8841.123684238333
DATA_ANALYSIS,ASIA_PACIFIC,EN,FT,M,2024,6,93656.16666666667,4899.022368459514
DATA_ANALYSIS,ASIA_PACIFIC,EN,PT,L,2023,1,18160.0,
DATA_ANALYSIS,ASIA_PACIFIC,MI,FT,L,2021,1,16904.0,
DATA_ANALYSIS,ASIA_PACIFIC,MI,FT,L,2022,2,31682.0,18905.206901803536
DATA_ANALYSIS,ASIA_PACIFIC,MI,FT,L,2023,2,16048.5,521.1376977344855
DATA_ANALYSIS,ASIA_PACIFIC,MI,FT,M,2022,3,45476.666666666664,24690.644631789855
DATA_ANALYSIS,ASIA_PACIFIC,MI,FT,M,2023,4,118125.0,43367.37444977119
DATA_ANALYSIS,ASIA_PACIFIC,SE,FT,L,2022,1,171000.0,
DATA_ANALYSIS,ASIA_PACIFIC,SE,FT,M,2022,1,60000.0,
DATA_ANALYSIS,ASIA_PACIFIC,SE,FT,M,2024,2,153750.0,15909.90257669732
DATA_ANALYSIS,ASIA_PACIFIC,SE,FT,S,2021,1,50000.0,
DATA_ANALYSIS,ASIA_PACIFIC,SE,FT,S,2023,1,15809.0,
DATA_ANALYSIS,EUROPE,EN,FT,L,2020,1,47899.0,
DATA_ANALYSIS,EUROPE,EN,FT,L,2021,1,59102.0,
DATA_ANALYSIS,EUROPE,EN,FT,L,2022,1,60938.0,
DATA_ANALYSIS,EUROPE,EN,FT,M,2020,1,22809.0,
DATA_ANALYSIS,EUROPE,EN,FT,M,2021,1,59102.0,
DATA_ANALYSIS,EUROPE,EN,FT,M,2022,1,28368.0,
DATA_ANALYSIS,EUROPE,EN,FT,M,2023,33,51103.90909090909,19778.864690882216
DATA_ANALYSIS,EUROPE,EN,FT,M,2024,32,51178.9375,19993.3610270324
DATA_ANALYSIS,EUROPE,EN,FT,S,2023,1,26992.0,
DATA_ANALYSIS,EUROPE,EX,FT,M,2024,2,65625.0,4419.4173824159225
DATA_ANALYSIS,EUROPE,MI,FT,L,2020,1,46759.0,
DATA_ANALYSIS,EUROPE,MI,FT,L,2021,1,51519.0,
DATA_ANALYSIS,EUROPE,MI,FT,L,2023,2,72755.0,18912.2779696154
DATA_ANALYSIS,EUROPE,MI,FT,L,2024,3,48240.666666666664,5360.10833223857
DATA_ANALYSIS,EUROPE,MI,FT,M,2022,9,95093.77777777778,127795.73675085741
DATA_ANALYSIS,EUROPE,MI,FT,M,2023,53,65414.47169811321,46335.5823541708
DATA_ANALYSIS,EUROPE,MI,FT,M,2024,4,54687.5,10673.907047874583
DATA_ANALYSIS,EUROPE,MI,FT,S,2022,1,50432.0,
DATA_ANALYSIS,EUROPE,SE,FT,L,2021,3,71460.33333333333,14921.551069956948
DATA_ANALYSIS,EUROPE,SE,FT,M,2022,12,55188.916666666664,18946.616716248423
DATA_ANALYSIS,EUROPE,SE,FT,M,2023,49,93625.59183673469,39123.36425117263
DATA_ANALYSIS,EUROPE,SE,FT,M,2024,24,77293.45833333333,21875.646486803074
DATA_ANALYSIS,EUROPE,SE,FT,S,2022,1,200000.0,
DATA_ANALYSIS,EUROPE,SE,FT,S,2023,1,36912.0,
DATA_ANALYSIS,EUROPE,SE,FT,S,2024,1,66666.0,
DATA_ANALYSIS,NORTH_AMERICA,EN,CT,L,2020,2,72376.5,39065.52834021319
DATA_ANALYSIS,NORTH_AMERICA,EN,CT,M,2024,2,49000.0,1414.213562373095
DATA_ANALYSIS,NORTH_AMERICA,EN,CT,S,2023,1,83200.0,
DATA_ANALYSIS,NORTH_AMERICA,EN,FT,L,2020,2,81500.0,13435.028842544403
DATA_ANALYSIS,NORTH_AMERICA,EN,FT,L,2022,9,71222.22222222222,34255.575377512556
DATA_ANALYSIS,NORTH_AMERICA,EN,FT,L,2023,12,68274.5,29095.091455745278
DATA_ANALYSIS,NORTH_AMERICA,EN,FT,M,2021,2,65000.0,21213.203435596424
DATA_ANALYSIS,NORTH_AMERICA,EN,FT,M,2022,6,57000.0,26183.96455848503
DATA_ANALYSIS,NORTH_AMERICA,EN,FT,M,2023,160,83164.38125,30900.058752640387
DATA_ANALYSIS,NORTH_AMERICA,EN,FT,M,2024,435,99459.30114942529,52537.42271341089
DATA_ANALYSIS,NORTH_AMERICA,EN,FT,S,2021,3,68333.33333333333,18929.69448600091
DATA_ANALYSIS,NORTH_AMERICA,EN,FT,S,2022,1,55000.0,
DATA_ANALYSIS,NORTH_AMERICA,EN,FT,S,2023,1,30000.0,
DATA_ANALYSIS,NORTH_AMERICA,EN,PT,L,2022,1,25216.0,
DATA_ANALYSIS,NORTH_AMERICA,EN,PT,L,2024,2,90630.0,85743.76828668076
DATA_ANALYSIS,NORTH_AMERICA,EN,PT,M,2024,2,69200.0,33658.28278447966
DATA_ANALYSIS,NORTH_AMERICA,EN,PT,S,2022,2,79862.0,64406.11405759549
DATA_ANALYSIS,NORTH_AMERICA,EX,FT,L,2021,1,150000.0,
DATA_ANALYSIS,NORTH_AMERICA,EX,FT,M,2020,1,15000.0,
DATA_ANALYSIS,NORTH_AMERICA,EX,FT,M,2022,2,120000.0,14142.13562373095
DATA_ANALYSIS,NORTH_AMERICA,EX,FT,M,2023,18,137272.22222222222,57490.150619916225
DATA_ANALYSIS,NORTH_AMERICA,EX,FT,M,2024,30,163660.0,53590.35296613078
DATA_ANALYSIS,NORTH_AMERICA,MI,CT,M,2023,1,35000.0,
DATA_ANALYSIS,NORTH_AMERICA,MI,FT,L,2020,2,110000.0,35355.33905932738
DATA_ANALYSIS,NORTH_AMERICA,MI,FT,L,2021,6,80209.83333333333,33033.349514795904
DATA_ANALYSIS,NORTH_AMERICA,MI,FT,L,2022,5,101926.6,31660.15931419171
DATA_ANALYSIS,NORTH_AMERICA,MI,FT,L,2023,14,118001.35714285714,49121.76200737095
DATA_ANALYSIS,NORTH_AMERICA,MI,FT,L,2024,16,124937.5,52993.16779862602
DATA_ANALYSIS,NORTH_AMERICA,MI,FT,M,2020,2,96500.0,2121.3203435596424
DATA_ANALYSIS,NORTH_AMERICA,MI,FT,M,2021,2,95000.0,7071.067811865475
DATA_ANALYSIS,NORTH_AMERICA,MI,FT,M,2022,63,116155.55555555556,39534.436347919145
DATA_ANALYSIS,NORTH_AMERICA,MI,FT,M,2023,315,100290.87936507937,36063.02372861113
DATA_ANALYSIS,NORTH_AMERICA,MI,FT,M,2024,258,107273.51550387597,39778.41441900896
DATA_ANALYSIS,NORTH_AMERICA,MI,FT,S,2022,2,58000.0,0.0
DATA_ANALYSIS,NORTH_AMERICA,MI,FT,S,2023,1,100000.0,
DATA_ANALYSIS,NORTH_AMERICA,MI,PT,M,2021,1,56000.0,
DATA_ANALYSIS,NORTH_AMERICA,SE,CT,M,2022,1,90000.0,
DATA_ANALYSIS,NORTH_AMERICA,SE,CT,M,2023,1,323905.0,
DATA_ANALYSIS,NORTH_AMERICA,SE,FT,L,2021,1,200000.0,
DATA_ANALYSIS,NORTH_AMERICA,SE,FT,L,2022,2,107500.0,10606.601717798212
DATA_ANALYSIS,NORTH_AMERICA,SE,FT,L,2023,78,140830.76923076922,53021.14086495479
DATA_ANALYSIS,NORTH_AMERICA,SE,FT,L,2024,16,133462.5,54630.563789878644
DATA_ANALYSIS,NORTH_AMERICA,SE,FT,M,2021,1,71786.0,
DATA_ANALYSIS,NORTH_AMERICA,SE,FT,M,2022,164,117590.53658536586,31922.812280089274
DATA_ANALYSIS,NORTH_AMERICA,SE,FT,M,2023,906,126974.00110375276,42296.521569595934
DATA_ANALYSIS,NORTH_AMERICA,SE,FT,M,2024,474,129830.80168776371,47262.694853630564
DATA_ANALYSIS,NORTH_AMERICA,SE,FT,S,2021,2,97500.0,24748.737341529162
DATA_ANALYSIS,NORTH_AMERICA,SE,FT,S,2023,4,106250.0,20564.93779875511
DATA_ANALYSIS,OTHER,EN,FT,L,2022,2,50000.0,0.0
DATA_ANALYSIS,OTHER,EN,FT,L,2023,1,30000.0,
DATA_ANALYSIS,OTHER,EN,FT,M,2024,9,43397.22222222222,18989.832192371912
DATA_ANALYSIS,OTHER,EN,FT,S,2023,2,45000.0,7071.067811865475
DATA_ANALYSIS,OTHER,MI,CT,M,2020,1,60000.0,
DATA_ANALYSIS,OTHER,MI,FL,S,2023,1,36000.0,
DATA_ANALYSIS,OTHER,MI,FT,L,2023,1,17000.0,
DATA_ANALYSIS,OTHER,MI,FT,M,2022,5,42909.2,23273.900902083435
DATA_ANALYSIS,OTHER,MI,FT,M,2023,8,56081.0,25373.912092090628
DATA_ANALYSIS,OTHER,MI,FT,M,2024,4,35166.25,5846.806671166748
DATA_ANALYSIS,OTHER,MI,FT,S,2020,1,20000.0,
DATA_ANALYSIS,OTHER,MI,FT,S,2022,1,20000.0,
DATA_ANALYSIS,OTHER,MI,FT,S,2023,1,179998.0,
DATA_ANALYSIS,OTHER,SE,FT,L,2023,3,51785.666666666664,31126.80453135743
DATA_ANALYSIS,OTHER,SE,FT,M,2022,1,25804.0,
DATA_ANALYSIS,OTHER,SE,FT,M,2023,6,55736.666666666664,15931.875453526076
DATA_ANALYSIS,OTHER,SE,FT,M,2024,4,48612.25,14242.16676808694
DATA_ANALYSIS,OTHER,SE,FT,S,2022,1,200000.0,
DATA_ANALYSIS,OTHER,SE,PT,L,2024,1,40000.0,
DATA_ENGINEERING,ASIA_PACIFIC,EN,FT,L,2021,3,37875.333333333336,26177.943412982873
DATA_ENGINEERING,ASIA_PACIFIC,EN,FT,L,2022,1,41809.0,
DATA_ENGINEERING,ASIA_PACIFIC,EN,FT,L,2023,1,17025.0,
DATA_ENGINEERING,ASIA_PACIFIC,EN,FT,M,2021,1,21637.0,
DATA_ENGINEERING,ASIA_PACIFIC,EN,FT,M,2023,1,18000.0,
DATA_ENGINEERING,ASIA_PACIFIC,EN,FT,S,2020,1,41689.0,
DATA_ENGINEERING,ASIA_PACIFIC,MI,FT,L,2021,3,62318.333333333336,35117.33367346293
DATA_ENGINEERING,ASIA_PACIFIC,MI,FT,L,2022,1,35610.0,
DATA_ENGINEERING,ASIA_PACIFIC,MI,FT,L,2023,1,74883.0,
DATA_ENGINEERING,ASIA_PACIFIC,MI,FT,L,2024,1,27611.0,
DATA_ENGINEERING,ASIA_PACIFIC,MI,FT,M,2024,6,125134.33333333333,69007.91085568862
DATA_ENGINEERING,ASIA_PACIFIC,SE,FL,M,2023,1,50000.0,
DATA_ENGINEERING,ASIA_PACIFIC,SE,FT,M,2023,2,127800.0,63498.188950551965
DATA_ENGINEERING,ASIA_PACIFIC,SE,FT,M,2024,2,230000.0,56568.5424949238
DATA_ENGINEERING,EUROPE,EN,FT,L,2020,1,54742.0,
DATA_ENGINEERING,EUROPE,EN,FT,L,2021,1,45390.0,
DATA_ENGINEERING,EUROPE,EN,FT,L,2022,1,59888.0,
DATA_ENGINEERING,EUROPE,EN,FT,L,2023,4,67237.25,73675.60876515828
DATA_ENGINEERING,EUROPE,EN,FT,M,2021,1,65013.0,
DATA_ENGINEERING,EUROPE,EN,FT,M,2022,5,51728.6,7028.31639156918
DATA_ENGINEERING,EUROPE,EN,FT,M,2023,10,60677.9,28102.9287222287
DATA_ENGINEERING,EUROPE,EN,FT,M,2024,6,41316.0,8627.997705145732
DATA_ENGINEERING,EUROPE,EN,FT,S,2023,2,117012.0,18367.805748101757
DATA_ENGINEERING,EUROPE,EX,FT,L,2020,1,79833.0,
DATA_ENGINEERING,EUROPE,EX,FT,M,2023,4,140758.0,46000.553511162594
DATA_ENGINEERING,EUROPE,MI,FT,L,2020,3,85713.66666666667,23604.307283488186
DATA_ENGINEERING,EUROPE,MI,FT,L,2021,4,57151.75,24707.482488441972
DATA_ENGINEERING,EUROPE,MI,FT,L,2023,3,64874.666666666664,45251.45184779526
DATA_ENGINEERING,EUROPE,MI,FT,L,2024,3,111009.66666666667,38534.3031899285
DATA_ENGINEERING,EUROPE,MI,FT,M,2022,39,81693.30769230769,18718.648294026614
DATA_ENGINEERING,EUROPE,MI,FT,M,2023,64,87088.65625,61827.30161293715
DATA_ENGINEERING,EUROPE,MI,FT,M,2024,34,67720.08823529411,33915.86960930849
DATA_ENGINEERING,EUROPE,MI,FT,S,2020,1,59303.0,
DATA_ENGINEERING,EUROPE,MI,FT,S,2021,1,66022.0,
DATA_ENGINEERING,EUROPE,MI,FT,S,2022,2,85366.0,27860.007178749973
DATA_ENGINEERING,EUROPE,MI,FT,S,2023,2,43731.0,23661.207112064254
DATA_ENGINEERING,EUROPE,MI,PT,L,2021,1,69741.0,
DATA_ENGINEERING,EUROPE,MI,PT,L,2022,1,52533.0,
DATA_ENGINEERING,EUROPE,SE,FT,L,2021,2,87739.5,12080.919356572165
DATA_ENGINEERING,EUROPE,SE,FT,L,2023,4,77669.0,22670.93606360355
DATA_ENGINEERING,EUROPE,SE,FT,M,2020,1,109024.0,
DATA_ENGINEERING,EUROPE,SE,FT,M,2021,2,81738.0,44884.31004259729
DATA_ENGINEERING,EUROPE,SE,FT,M,2022,22,65983.63636363637,22597.35275171146
DATA_ENGINEERING,EUROPE,SE,FT,M,2023,51,134446.6274509804,57543.69114158763
DATA_ENGINEERING,EUROPE,SE,FT,M,2024,36,104716.83333333333,59101.39664218725
DATA_ENGINEERING,EUROPE,SE,FT,S,2020,1,114047.0,
DATA_ENGINEERING,EUROPE,SE,FT,S,2021,1,76833.0,
DATA_ENGINEERING,EUROPE,SE,FT,S,2023,2,97171.0,15269.263832942308
DATA_ENGINEERING,NORTH_AMERICA,EN,FT,L,2020,1,70000.0,
DATA_ENGINEERING,NORTH_AMERICA,EN,FT,L,2021,2,76250.0,5303.300858899106
DATA_ENGINEERING,NORTH_AMERICA,EN,FT,L,2022,4,106250.0,26961.392150010848
DATA_ENGINEERING,NORTH_AMERICA,EN,FT,L,2023,2,95000.0,7071.067811865475
DATA_ENGINEERING,NORTH_AMERICA,EN,FT,L,2024,4,75299.5,79005.04372717816
DATA_ENGINEERING,NORTH_AMERICA,EN,FT,M,2022,15,136000.0,28485.5853271189
DATA_ENGINEERING,NORTH_AMERICA,EN,FT,M,2023,75,112677.01333333334,53452.44059290144
DATA_ENGINEERING,NORTH_AMERICA,EN,FT,M,2024,37,126755.2972972973,43558.06476472581
DATA_ENGINEERING,NORTH_AMERICA,EN,FT,S,2022,1,65000.0,
DATA_ENGINEERING,NORTH_AMERICA,EN,PT,M,2024,2,69200.0,33658.28278447966
DATA_ENGINEERING,NORTH_AMERICA,EX,FT,L,2024,1,150000.0,
DATA_ENGINEERING,NORTH_AMERICA,EX,FT,M,2022,20,215640.0,61720.55360122837
DATA_ENGINEERING,NORTH_AMERICA,EX,FT,M,2023,98,192277.3469387755,68593.53293118445
DATA_ENGINEERING,NORTH_AMERICA,EX,FT,M,2024,46,192741.39130434784,56116.9001509758
DATA_ENGINEERING,NORTH_AMERICA,MI,FL,L,2021,1,20000.0,
DATA_ENGINEERING,NORTH_AMERICA,MI,FT,L,2020,2,108000.0,2828.42712474619
DATA_ENGINEERING,NORTH_AMERICA,MI,FT,L,2021,9,120889.44444444444,54304.6269002723
DATA_ENGINEERING,NORTH_AMERICA,MI,FT,L,2022,1,135000.0,
DATA_ENGINEERING,NORTH_AMERICA,MI,FT,L,2023,4,133226.0,53568.62609152239
DATA_ENGINEERING,NORTH_AMERICA,MI,FT,L,2024,8,144325.0,55834.00781397865
DATA_ENGINEERING,NORTH_AMERICA,MI,FT,M,2020,1,130800.0,
DATA_ENGINEERING,NORTH_AMERICA,MI,FT,M,2021,2,102462.5,13169.863799599447
DATA_ENGINEERING,NORTH_AMERICA,MI,FT,M,2022,59,120154.22033898305,48155.995320906455
DATA_ENGINEERING,NORTH_AMERICA,MI,FT,M,2023,407,136751.04668304668,61174.906541327735
DATA_ENGINEERING,NORTH_AMERICA,MI,FT,M,2024,448,143493.5357142857,78462.9144529194
DATA_ENGINEERING,NORTH_AMERICA,SE,CT,L,2023,1,118539.0,
DATA_ENGINEERING,NORTH_AMERICA,SE,FT,L,2020,1,188000.0,
DATA_ENGINEERING,NORTH_AMERICA,SE,FT,L,2021,6,159036.83333333334,24955.547282451378
DATA_ENGINEERING,NORTH_AMERICA,SE,FT,L,2022,25,156819.44,47482.784165316174
DATA_ENGINEERING,NORTH_AMERICA,SE,FT,L,2023,33,169887.87878787878,56117.809993662864
DATA_ENGINEERING,NORTH_AMERICA,SE,FT,L,2024,4,182100.0,67434.51144134828
DATA_ENGINEERING,NORTH_AMERICA,SE,FT,M,2021,2,157500.0,10606.601717798212
DATA_ENGINEERING,NORTH_AMERICA,SE,FT,M,2022,354,153026.00564971752,48908.28699699203
DATA_ENGINEERING,NORTH_AMERICA,SE,FT,M,2023,1516,164179.15435356201,56895.61971005625
DATA_ENGINEERING,NORTH_AMERICA,SE,FT,M,2024,788,168825.03172588832,71373.31893136632
DATA_ENGINEERING,NORTH_AMERICA,SE,FT,S,2020,1,33511.0,
DATA_ENGINEERING,NORTH_AMERICA,SE,FT,S,2021,2,137500.0,31819.80515339464
DATA_ENGINEERING,NORTH_AMERICA,SE,FT,S,2022,1,48000.0,
DATA_ENGINEERING,OTHER,EN,FT,L,2023,1,43000.0,
DATA_ENGINEERING,OTHER,EN,FT,M,2022,2,18227.5,2506.693539306311
DATA_ENGINEERING,OTHER,EN,FT,M,2023,2,39605.0,1380.2724368761408
DATA_ENGINEERING,OTHER,EN,FT,M,2024,2,55333.0,6600.134695595235
DATA_ENGINEERING,OTHER,EN,FT,S,2020,1,100000.0,
DATA_ENGINEERING,OTHER,MI,FT,L,2021,1,28369.0,
DATA_ENGINEERING,OTHER,MI,FT,M,2021,3,42735.0,16143.285012660837
DATA_ENGINEERING,OTHER,MI,FT,M,2022,12,71761.83333333333,19220.32014128103
DATA_ENGINEERING,OTHER,MI,FT,M,2023,8,86770.25,30316.83849306002
DATA_ENGINEERING,OTHER,MI,FT,M,2024,2,39999.5,15084.708963052619
DATA_ENGINEERING,OTHER,MI,FT,S,2021,1,18000.0,
DATA_ENGINEERING,OTHER,SE,FT,L,2020,1,47899.0,
DATA_ENGINEERING,OTHER,SE,FT,M,2022,2,167500.0,45961.94077712559
DATA_ENGINEERING,OTHER,SE,FT,M,2023,12,68836.91666666667,20837.88556041106
DATA_ENGINEERING,OTHER,SE,FT,M,2024,10,72461.4,22231.64780317564
DATA_ENGINEERING,OTHER,SE,FT,S,2023,1,50000.0,
DATA_SCIENCE,ASIA_PACIFIC,EN,FT,L,2021,2,64875.5,49673.54427157377
DATA_SCIENCE,ASIA_PACIFIC,EN,FT,L,2022,1,40000.0,
DATA_SCIENCE,ASIA_PACIFIC,EN,FT,M,2021,1,28399.0,
DATA_SCIENCE,ASIA_PACIFIC,EN,FT,M,2022,3,41289.333333333336,36359.66026152243
DATA_SCIENCE,ASIA_PACIFIC,MI,FT,L,2020,1,40481.0,
DATA_SCIENCE,ASIA_PACIFIC,MI,FT,L,2022,4,47527.5,27054.788861370427
DATA_SCIENCE,ASIA_PACIFIC,MI,FT,L,2023,4,24327.75,7760.275827357342
DATA_SCIENCE,ASIA_PACIFIC,MI,FT,M,2021,1,33808.0,
DATA_SCIENCE,ASIA_PACIFIC,MI,FT,M,2023,2,108245.0,7520.78772470012
DATA_SCIENCE,ASIA_PACIFIC,MI,FT,M,2024,2,102627.0,19278.55928227003
DATA_SCIENCE,ASIA_PACIFIC,MI,FT,S,2021,1,16904.0,
DATA_SCIENCE,ASIA_PACIFIC,MI,FT,S,2024,2,95000.0,35355.33905932738
DATA_SCIENCE,ASIA_PACIFIC,SE,FT,L,2021,1,54094.0,
DATA_SCIENCE,ASIA_PACIFIC,SE,FT,L,2024,1,48019.0,
DATA_SCIENCE,ASIA_PACIFIC,SE,FT,M,2023,4,169525.75,64860.1252356433
DATA_SCIENCE,ASIA_PACIFIC,SE,FT,M,2024,2,144000.0,12727.922061357855
DATA_SCIENCE,EUROPE,EN,CT,L,2024,1,88888.0,
DATA_SCIENCE,EUROPE,EN,FL,M,2024,1,30000.0,
DATA_SCIENCE,EUROPE,EN,FT,L,2020,1,42000.0,
DATA_SCIENCE,EUROPE,EN,FT,L,2021,3,76402.66666666667,37078.42486316447
DATA_SCIENCE,EUROPE,EN,FT,L,2022,3,52408.0,27608.092636036992
DATA_SCIENCE,EUROPE,EN,FT,L,2023,4,60485.5,43248.258203847545
DATA_SCIENCE,EUROPE,EN,FT,M,2020,1,39916.0,
DATA_SCIENCE,EUROPE,EN,FT,M,2021,1,49646.0,
DATA_SCIENCE,EUROPE,EN,FT,M,2022,3,43840.0,10669.432974624284
DATA_SCIENCE,EUROPE,EN,FT,M,2023,7,66909.85714285714,55128.13153139562
DATA_SCIENCE,EUROPE,EN,FT,M,2024,9,43052.333333333336,12658.795677314645
DATA_SCIENCE,EUROPE,EN,FT,S,2020,3,54438.333333333336,7250.363186305451
DATA_SCIENCE,EUROPE,EN,FT,S,2022,1,52008.0,
DATA_SCIENCE,EUROPE,EN,PT,M,2022,1,110000.0,
DATA_SCIENCE,EUROPE,EN,PT,S,2020,1,21669.0,
DATA_SCIENCE,EUROPE,EX,FT,L,2022,1,84053.0,
DATA_SCIENCE,EUROPE,EX,FT,M,2023,4,186698.0,48679.86529699249
DATA_SCIENCE,EUROPE,EX,FT,S,2023,1,100416.0,
DATA_SCIENCE,EUROPE,MI,FT,L,2020,1,79833.0,
DATA_SCIENCE,EUROPE,MI,FT,L,2021,7,78730.85714285714,26138.176807297095
DATA_SCIENCE,EUROPE,MI,FT,L,2022,4,72386.5,36141.551308708375
DATA_SCIENCE,EUROPE,MI,FT,L,2023,4,111310.75,112977.72515375173
DATA_SCIENCE,EUROPE,MI,FT,L,2024,1,129545.0,
DATA_SCIENCE,EUROPE,MI,FT,M,2020,1,38776.0,
DATA_SCIENCE,EUROPE,MI,FT,M,2021,3,56975.0,8823.82842081599
DATA_SCIENCE,EUROPE,MI,FT,M,2022,24,81266.41666666667,31786.46708067782
DATA_SCIENCE,EUROPE,MI,FT,M,2023,40,81424.5,32755.31723912772
DATA_SCIENCE,EUROPE,MI,FT,M,2024,10,105686.3,47595.678214285144
DATA_SCIENCE,EUROPE,MI,FT,S,2020,3,60627.0,17475.30059827298
DATA_SCIENCE,EUROPE,MI,FT,S,2021,2,41135.0,22065.974213707403
DATA_SCIENCE,EUROPE,MI,FT,S,2022,5,80270.6,28129.880870704023
DATA_SCIENCE,EUROPE,MI,FT,S,2023,1,25912.0,
DATA_SCIENCE,EUROPE,SE,FT,L,2021,2,56974.5,5349.262799676232
DATA_SCIENCE,EUROPE,SE,FT,L,2022,2,88781.0,742.4621202458749
DATA_SCIENCE,EUROPE,SE,FT,L,2023,2,70179.0,7633.924809689967
DATA_SCIENCE,EUROPE,SE,FT,L,2024,1,323295.0,
DATA_SCIENCE,EUROPE,SE,FT,M,2021,1,77684.0,
DATA_SCIENCE,EUROPE,SE,FT,M,2022,16,50315.875,21817.24338797182
DATA_SCIENCE,EUROPE,SE,FT,M,2023,63,98669.77777777778,66306.39889386545
DATA_SCIENCE,EUROPE,SE,FT,M,2024,38,83993.28947368421,51567.92100579475
DATA_SCIENCE,EUROPE,SE,FT,S,2020,1,91237.0,
DATA_SCIENCE,EUROPE,SE,FT,S,2023,1,76508.0,
DATA_SCIENCE,EUROPE,SE,FT,S,2024,1,66666.0,
DATA_SCIENCE,NORTH_AMERICA,EN,FT,L,2021,1,58000.0,
DATA_SCIENCE,NORTH_AMERICA,EN,FT,L,2022,5,81364.6,24850.354420007774
DATA_SCIENCE,NORTH_AMERICA,EN,FT,L,2023,12,145782.66666666666,60234.48528773851
DATA_SCIENCE,NORTH_AMERICA,EN,FT,M,2021,2,90000.0,14142.13562373095
DATA_SCIENCE,NORTH_AMERICA,EN,FT,M,2022,12,115647.83333333333,40479.22261612815
DATA_SCIENCE,NORTH_AMERICA,EN,FT,M,2023,68,124548.75,54118.78824783661
DATA_SCIENCE,NORTH_AMERICA,EN,FT,M,2024,44,135486.5909090909,57676.91567742949
DATA_SCIENCE,NORTH_AMERICA,EN,FT,S,2020,1,105000.0,
DATA_SCIENCE,NORTH_AMERICA,EN,FT,S,2021,2,95000.0,7071.067811865475
DATA_SCIENCE,NORTH_AMERICA,EN,FT,S,2023,1,110000.0,
DATA_SCIENCE,NORTH_AMERICA,EN,PT,L,2024,2,90630.0,85743.76828668076
DATA_SCIENCE,NORTH_AMERICA,EN,PT,M,2023,2,95650.0,52820.8765546351
DATA_SCIENCE,NORTH_AMERICA,EN,PT,M,2024,4,169245.0,98543.14300514944
DATA_SCIENCE,NORTH_AMERICA,EX,FT,M,2022,2,144500.0,20506.096654409877
DATA_SCIENCE,NORTH_AMERICA,EX,FT,M,2023,26,193311.53846153847,57449.68634847767
DATA_SCIENCE,NORTH_AMERICA,EX,FT,M,2024,6,165500.0,50865.155067098734
DATA_SCIENCE,NORTH_AMERICA,MI,CT,M,2024,2,120000.0,14142.13562373095
DATA_SCIENCE,NORTH_AMERICA,MI,FL,M,2022,1,100000.0,
DATA_SCIENCE,NORTH_AMERICA,MI,FT,L,2020,1,105000.0,
DATA_SCIENCE,NORTH_AMERICA,MI,FT,L,2021,9,116828.22222222222,44048.92381709733
DATA_SCIENCE,NORTH_AMERICA,MI,FT,L,2022,8,124125.0,42662.92301284571
DATA_SCIENCE,NORTH_AMERICA,MI,FT,L,2023,41,178589.0975609756,67511.263994168
DATA_SCIENCE,NORTH_AMERICA,MI,FT,L,2024,66,174416.66666666666,46457.436544178905
DATA_SCIENCE,NORTH_AMERICA,MI,FT,M,2020,3,235450.0,186084.1409148023
DATA_SCIENCE,NORTH_AMERICA,MI,FT,M,2021,2,106905.0,60945.53347046853
DATA_SCIENCE,NORTH_AMERICA,MI,FT,M,2022,32,125026.625,39821.445571491065
DATA_SCIENCE,NORTH_AMERICA,MI,FT,M,2023,286,145850.95104895104,51097.267399567056
DATA_SCIENCE,NORTH_AMERICA,MI,FT,M,2024,446,141968.98430493273,60483.63085418543
DATA_SCIENCE,NORTH_AMERICA,MI,FT,S,2020,1,45760.0,
DATA_SCIENCE,NORTH_AMERICA,MI,FT,S,2021,1,82500.0,
DATA_SCIENCE,NORTH_AMERICA,MI,FT,S,2022,1,48000.0,
DATA_SCIENCE,NORTH_AMERICA,MI,FT,S,2023,1,96313.0,
DATA_SCIENCE,NORTH_AMERICA,MI,FT,S,2024,1,65000.0,
DATA_SCIENCE,NORTH_AMERICA,MI,PT,M,2024,4,104571.5,30774.983883017714
DATA_SCIENCE,NORTH_AMERICA,SE,CT,M,2021,1,105000.0,
DATA_SCIENCE,NORTH_AMERICA,SE,CT,M,2024,2,155948.0,49609.1975544858
DATA_SCIENCE,NORTH_AMERICA,SE,FT,L,2020,3,200142.66666666666,185276.99549953127
DATA_SCIENCE,NORTH_AMERICA,SE,FT,L,2021,4,124951.0,31562.227667471972
DATA_SCIENCE,NORTH_AMERICA,SE,FT,L,2022,35,166445.14285714287,52344.66147123138
DATA_SCIENCE,NORTH_AMERICA,SE,FT,L,2023,161,188291.92546583852,60699.62620885249
DATA_SCIENCE,NORTH_AMERICA,SE,FT,L,2024,44,195222.72727272726,63439.98029134112
DATA_SCIENCE,NORTH_AMERICA,SE,FT,M,2020,1,164000.0,
DATA_SCIENCE,NORTH_AMERICA,SE,FT,M,2022,270,161391.55925925926,42775.96202879648
DATA_SCIENCE,NORTH_AMERICA,SE,FT,M,2023,1571,180674.20432845323,55454.74588416513
DATA_SCIENCE,NORTH_AMERICA,SE,FT,M,2024,779,181545.01668806162,70762.17310166791
DATA_SCIENCE,NORTH_AMERICA,SE,FT,S,2021,2,68869.0,26684.79570841793
DATA_SCIENCE,NORTH_AMERICA,SE,FT,S,2022,2,87500.0,45961.94077712559
DATA_SCIENCE,NORTH_AMERICA,SE,FT,S,2023,2,191000.0,69296.46455628166
DATA_SCIENCE,OTHER,EN,FT,L,2023,3,18448.0,2133.347604118935
DATA_SCIENCE,OTHER,EN,FT,M,2022,2,28842.0,15779.794928958994
DATA_SCIENCE,OTHER,EN,FT,M,2024,2,40000.0,0.0
DATA_SCIENCE,OTHER,EN,PT,M,2022,1,100000.0,
DATA_SCIENCE,OTHER,MI,FT,L,2020,1,35735.0,
DATA_SCIENCE,OTHER,MI,FT,L,2021,2,45019.0,7044.197754180386
DATA_SCIENCE,OTHER,MI,FT,L,2023,2,59521.0,7830.500494859827
DATA_SCIENCE,OTHER,MI,FT,M,2021,1,119059.0,
DATA_SCIENCE,OTHER,MI,FT,M,2022,3,54333.333333333336,29501.412395567324
DATA_SCIENCE,OTHER,MI,FT,M,2023,3,51516.0,23149.94369323606
DATA_SCIENCE,OTHER,MI,FT,M,2024,14,91025.07142857143,61687.701298200795
DATA_SCIENCE,OTHER,MI,FT,S,2023,2,65372.5,20686.408883612447
DATA_SCIENCE,OTHER,SE,FT,L,2021,1,20171.0,
DATA_SCIENCE,OTHER,SE,FT,L,2023,1,63701.0,
DATA_SCIENCE,OTHER,SE,FT,M,2023,2,58302.5,27484.533477939916
DATA_SCIENCE,OTHER,SE,FT,M,2024,7,98185.42857142857,61102.539777702485
MACHINE_LEARNING,ASIA_PACIFIC,EN,FT,L,2021,1,15000.0,
MACHINE_LEARNING,ASIA_PACIFIC,EN,FT,M,2022,1,40000.0,
MACHINE_LEARNING,ASIA_PACIFIC,EN,FT,S,2021,1,20000.0,
MACHINE_LEARNING,ASIA_PACIFIC,MI,FL,S,2022,1,30523.0,
MACHINE_LEARNING,ASIA_PACIFIC,MI,FT,L,2022,2,52424.0,44462.87440101011
MACHINE_LEARNING,ASIA_PACIFIC,MI,FT,L,2023,1,24322.0,
MACHINE_LEARNING,ASIA_PACIFIC,MI,FT,L,2024,1,80000.0,
MACHINE_LEARNING,ASIA_PACIFIC,MI,FT,M,2023,10,180200.0,106014.98845813161
MACHINE_LEARNING,ASIA_PACIFIC,MI,FT,S,2021,3,71691.66666666667,7113.185245256398
MACHINE_LEARNING,ASIA_PACIFIC,SE,FT,L,2021,2,45303.5,29644.037587683633
MACHINE_LEARNING,ASIA_PACIFIC,SE,FT,L,2023,1,114979.0,
MACHINE_LEARNING,ASIA_PACIFIC,SE,FT,M,2024,4,135000.0,84852.8137423857
MACHINE_LEARNING,ASIA_PACIFIC,SE,FT,S,2020,1,260000.0,
MACHINE_LEARNING,EUROPE,EN,CT,M,2022,1,30469.0,
MACHINE_LEARNING,EUROPE,EN,FT,L,2022,4,38074.5,19628.00279362795
MACHINE_LEARNING,EUROPE,EN,FT,L,2023,1,48644.0,
MACHINE_LEARNING,EUROPE,EN,FT,M,2021,2,22411.5,3410.376005662719
MACHINE_LEARNING,EUROPE,EN,FT,M,2023,1,43187.0,
MACHINE_LEARNING,EUROPE,EN,FT,S,2021,1,85000.0,
MACHINE_LEARNING,EUROPE,EN,FT,S,2022,4,44904.5,12807.2700577966
MACHINE_LEARNING,EUROPE,EN,PT,S,2020,1,15966.0,
MACHINE_LEARNING,EUROPE,MI,CT,L,2022,1,97712.0,
MACHINE_LEARNING,EUROPE,MI,FT,L,2021,2,48830.5,3158.6459915603077
MACHINE_LEARNING,EUROPE,MI,FT,L,2022,3,96146.66666666667,36936.349742947445
MACHINE_LEARNING,EUROPE,MI,FT,L,2023,3,69954.33333333333,29343.49488955488
MACHINE_LEARNING,EUROPE,MI,FT,M,2020,1,50180.0,
MACHINE_LEARNING,EUROPE,MI,FT,M,2021,1,88654.0,
MACHINE_LEARNING,EUROPE,MI,FT,M,2022,5,95615.6,15208.582553939734
MACHINE_LEARNING,EUROPE,MI,FT,M,2023,21,98091.14285714286,60098.06850747012
MACHINE_LEARNING,EUROPE,MI,FT,M,2024,9,103697.22222222222,37151.948827678534
MACHINE_LEARNING,EUROPE,MI,FT,S,2021,1,47282.0,
MACHINE_LEARNING,EUROPE,MI,FT,S,2023,1,70179.0,
MACHINE_LEARNING,EUROPE,SE,FT,L,2021,1,94564.0,
MACHINE_LEARNING,EUROPE,SE,FT,L,2022,3,73686.66666666667,12442.768595989133
MACHINE_LEARNING,EUROPE,SE,FT,L,2023,1,113366.0,
MACHINE_LEARNING,EUROPE,SE,FT,M,2021,1,82744.0,
MACHINE_LEARNING,EUROPE,SE,FT,M,2022,2,94559.5,29717.576692927032
MACHINE_LEARNING,EUROPE,SE,FT,M,2023,36,173819.52777777778,57668.5167678102
MACHINE_LEARNING,EUROPE,SE,FT,M,2024,6,135150.0,71910.81977004574
MACHINE_LEARNING,EUROPE,SE,FT,S,2022,2,65666.5,3714.4319215729342
MACHINE_LEARNING,EUROPE,SE,FT,S,2024,4,111562.25,25401.765114193673
MACHINE_LEARNING,NORTH_AMERICA,EN,FT,L,2020,1,250000.0,
MACHINE_LEARNING,NORTH_AMERICA,EN,FT,L,2021,1,225000.0,
MACHINE_LEARNING,NORTH_AMERICA,EN,FT,L,2022,3,126000.0,49426.713425029586
MACHINE_LEARNING,NORTH_AMERICA,EN,FT,L,2023,1,76000.0,
MACHINE_LEARNING,NORTH_AMERICA,EN,FT,M,2022,2,165000.0,35001.785668734105
MACHINE_LEARNING,NORTH_AMERICA,EN,FT,M,2023,11,120487.36363636363,54748.87951779968
MACHINE_LEARNING,NORTH_AMERICA,EN,FT,M,2024,29,129487.72413793103,48110.84125960485
MACHINE_LEARNING,NORTH_AMERICA,EN,FT,S,2020,1,138000.0,
MACHINE_LEARNING,NORTH_AMERICA,EN,FT,S,2021,2,103000.0,31112.69837220809
MACHINE_LEARNING,NORTH_AMERICA,EN,FT,S,2022,2,94000.0,19798.98987322333
MACHINE_LEARNING,NORTH_AMERICA,EX,FT,M,2023,7,195814.2857142857,51411.16702855611
MACHINE_LEARNING,NORTH_AMERICA,EX,FT,M,2024,18,241697.22222222222,69509.39943257405
MACHINE_LEARNING,NORTH_AMERICA,EX,FT,S,2022,2,190000.0,14142.13562373095
MACHINE_LEARNING,NORTH_AMERICA,MI,CT,L,2021,1,270000.0,
MACHINE_LEARNING,NORTH_AMERICA,MI,CT,S,2023,4,85125.0,73007.2770345532
MACHINE_LEARNING,NORTH_AMERICA,MI,FT,L,2021,1,423000.0,
MACHINE_LEARNING,NORTH_AMERICA,MI,FT,L,2022,6,116539.33333333333,31993.43186759849
MACHINE_LEARNING,NORTH_AMERICA,MI,FT,L,2023,5,187800.0,69402.44952449446
MACHINE_LEARNING,NORTH_AMERICA,MI,FT,L,2024,6,162866.66666666666,58805.8047021437
MACHINE_LEARNING,NORTH_AMERICA,MI,FT,M,2021,1,38400.0,
MACHINE_LEARNING,NORTH_AMERICA,MI,FT,M,2022,20,134050.7,41318.58711740937
MACHINE_LEARNING,NORTH_AMERICA,MI,FT,M,2023,121,176965.87603305784,90654.15830079818
MACHINE_LEARNING,NORTH_AMERICA,MI,FT,M,2024,136,185516.3088235294,103720.96645744718
MACHINE_LEARNING,NORTH_AMERICA,MI,FT,S,2022,1,120000.0,
MACHINE_LEARNING,NORTH_AMERICA,MI,FT,S,2023,6,143500.0,64447.6531768225
MACHINE_LEARNING,NORTH_AMERICA,SE,FT,L,2020,1,150000.0,
MACHINE_LEARNING,NORTH_AMERICA,SE,FT,L,2021,3,203333.33333333334,20207.259421636903
MACHINE_LEARNING,NORTH_AMERICA,SE,FT,L,2022,11,161800.0,37215.9374462071
MACHINE_LEARNING,NORTH_AMERICA,SE,FT,L,2023,17,174581.11764705883,82337.93520446875
MACHINE_LEARNING,NORTH_AMERICA,SE,FT,M,2021,2,190000.0,7071.067811865475
MACHINE_LEARNING,NORTH_AMERICA,SE,FT,M,2022,83,178874.1204819277,46753.77211269476
MACHINE_LEARNING,NORTH_AMERICA,SE,FT,M,2023,935,198510.89839572192,57259.15741979988
MACHINE_LEARNING,NORTH_AMERICA,SE,FT,M,2024,534,204521.1797752809,66589.3044554646
MACHINE_LEARNING,NORTH_AMERICA,SE,FT,S,2021,2,188000.0,96166.52224137046
MACHINE_LEARNING,OTHER,EN,FL,M,2022,1,100000.0,
MACHINE_LEARNING,OTHER,EN,FT,M,2021,1,21844.0,
MACHINE_LEARNING,OTHER,EN,FT,S,2021,1,100000.0,
MACHINE_LEARNING,OTHER,EN,FT,S,2024,1,27000.0,
MACHINE_LEARNING,OTHER,MI,FT,L,2021,1,24823.0,
MACHINE_LEARNING,OTHER,MI,FT,L,2023,1,34482.0,
MACHINE_LEARNING,OTHER,MI,FT,M,2022,1,22800.0,
MACHINE_LEARNING,OTHER,MI,FT,M,2023,1,90000.0,
MACHINE_LEARNING,OTHER,MI,FT,S,2023,1,50000.0,
MACHINE_LEARNING,OTHER,SE,FL,M,2021,1,60000.0,
MACHINE_LEARNING,OTHER,SE,FL,S,2023,1,50000.0,
MACHINE_LEARNING,OTHER,SE,FT,M,2022,2,167500.0,45961.94077712559
MACHINE_LEARNING,OTHER,SE,FT,M,2023,8,117178.125,73471.50344849452
MACHINE_LEARNING,OTHER,SE,FT,M,2024,8,100370.75,50118.442760980855
MACHINE_LEARNING,OTHER,SE,FT,S,2020,1,45618.0,
MACHINE_LEARNING,OTHER,SE,FT,S,2022,2,92500.0,38890.87296526011
MANAGEMENT,ASIA_PACIFIC,EX,FT,L,2022,1,76309.0,
MANAGEMENT,ASIA_PACIFIC,MI,CT,S,2024,1,125000.0,
MANAGEMENT,ASIA_PACIFIC,MI,FT,L,2021,1,19609.0,
MANAGEMENT,ASIA_PACIFIC,MI,FT,L,2023,3,39320.333333333336,21284.894769139293
MANAGEMENT,ASIA_PACIFIC,MI,FT,L,2024,1,39615.0,
MANAGEMENT,ASIA_PACIFIC,MI,FT,M,2023,2,28213.0,15134.913544516863
MANAGEMENT,ASIA_PACIFIC,SE,FL,S,2024,1,36014.0,
MANAGEMENT,ASIA_PACIFIC,SE,FT,L,2021,2,67617.5,38250.94132828629
MANAGEMENT,ASIA_PACIFIC,SE,FT,L,2022,4,81007.25,42490.62636531341
MANAGEMENT,ASIA_PACIFIC,SE,FT,L,2023,3,107926.33333333333,59043.714994344096
MANAGEMENT,ASIA_PACIFIC,SE,FT,S,2020,1,125000.0,
MANAGEMENT,ASIA_PACIFIC,SE,FT,S,2021,1,168000.0,
MANAGEMENT,EUROPE,EX,FT,L,2021,2,147756.5,8358.709260406178
MANAGEMENT,EUROPE,EX,FT,L,2023,1,131721.0,
MANAGEMENT,EUROPE,EX,FT,L,2024,2,106666.0,0.0
MANAGEMENT,EUROPE,EX,FT,M,2021,1,130026.0,
MANAGEMENT,EUROPE,EX,FT,M,2023,12,170901.5,56303.070047895104
MANAGEMENT,EUROPE,MI,FT,L,2022,1,89306.0,
MANAGEMENT,EUROPE,MI,FT,M,2023,10,76407.8,21495.46309650791
MANAGEMENT,EUROPE,MI,FT,M,2024,2,49999.5,7856.663445763729
MANAGEMENT,EUROPE,MI,FT,S,2022,1,61566.0,
MANAGEMENT,EUROPE,SE,FT,L,2021,1,152000.0,
MANAGEMENT,EUROPE,SE,FT,L,2022,4,108109.75,54087.37200970913
MANAGEMENT,EUROPE,SE,FT,L,2023,4,167449.75,155537.54008679063
MANAGEMENT,EUROPE,SE,FT,L,2024,2,91666.0,19642.012167799916
MANAGEMENT,EUROPE,SE,FT,M,2020,1,148261.0,
MANAGEMENT,EUROPE,SE,FT,M,2021,1,173762.0,
MANAGEMENT,EUROPE,SE,FT,M,2022,2,119776.0,50519.951088654074
MANAGEMENT,EUROPE,SE,FT,M,2023,3,73558.0,18366.325462650388
MANAGEMENT,EUROPE,SE,FT,M,2024,8,111006.25,55347.99284978634
MANAGEMENT,EUROPE,SE,FT,S,2021,1,103160.0,
MANAGEMENT,EUROPE,SE,FT,S,2022,1,29944.0,
MANAGEMENT,NORTH_AMERICA,EN,FT,M,2022,2,61450.0,22415.284963613558
MANAGEMENT,NORTH_AMERICA,EN,FT,M,2023,2,117700.0,45396.25535217635
MANAGEMENT,NORTH_AMERICA,EN,FT,M,2024,2,150747.5,51855.67579831546
MANAGEMENT,NORTH_AMERICA,EX,CT,S,2021,1,416000.0,
MANAGEMENT,NORTH_AMERICA,EX,FT,L,2020,2,312500.0,17677.66952966369
MANAGEMENT,NORTH_AMERICA,EX,FT,L,2021,2,242500.0,10606.601717798212
MANAGEMENT,NORTH_AMERICA,EX,FT,L,2022,2,159006.5,46712.181071964515
MANAGEMENT,NORTH_AMERICA,EX,FT,L,2023,3,234166.66666666666,81938.04570120851
MANAGEMENT,NORTH_AMERICA,EX,FT,L,2024,1,260000.0,
MANAGEMENT,NORTH_AMERICA,EX,FT,M,2022,8,199659.375,34523.66191029608
MANAGEMENT,NORTH_AMERICA,EX,FT,M,2023,58,219102.41379310345,80147.11640324684
MANAGEMENT,NORTH_AMERICA,EX,FT,M,2024,36,234369.44444444444,68991.1953779795
MANAGEMENT,NORTH_AMERICA,EX,FT,S,2022,1,115222.0,
MANAGEMENT,NORTH_AMERICA,EX,FT,S,2023,1,72000.0,
MANAGEMENT,NORTH_AMERICA,MI,FT,L,2020,1,87000.0,
MANAGEMENT,NORTH_AMERICA,MI,FT,L,2021,1,151000.0,
MANAGEMENT,NORTH_AMERICA,MI,FT,L,2023,3,94233.33333333333,49830.34550686291
MANAGEMENT,NORTH_AMERICA,MI,FT,M,2020,1,56000.0,
MANAGEMENT,NORTH_AMERICA,MI,FT,M,2021,1,150000.0,
MANAGEMENT,NORTH_AMERICA,MI,FT,M,2022,10,145100.0,40120.51290244874
MANAGEMENT,NORTH_AMERICA,MI,FT,M,2023,100,127467.91,45117.86041610542
MANAGEMENT,NORTH_AMERICA,MI,FT,M,2024,106,136020.72641509434,58823.652018317065
MANAGEMENT,NORTH_AMERICA,MI,FT,S,2021,1,110000.0,
MANAGEMENT,NORTH_AMERICA,MI,FT,S,2022,1,75000.0,
MANAGEMENT,NORTH_AMERICA,SE,FT,L,2020,1,117104.0,
MANAGEMENT,NORTH_AMERICA,SE,FT,L,2021,11,178008.54545454544,63171.74687526638
MANAGEMENT,NORTH_AMERICA,SE,FT,L,2022,10,214646.8,95592.5043095837
MANAGEMENT,NORTH_AMERICA,SE,FT,L,2023,7,183208.85714285713,59424.66448489934
MANAGEMENT,NORTH_AMERICA,SE,FT,M,2020,1,190200.0,
MANAGEMENT,NORTH_AMERICA,SE,FT,M,2021,3,163333.33333333334,40414.5188432738
MANAGEMENT,NORTH_AMERICA,SE,FT,M,2022,24,187874.29166666666,53937.57359124743
MANAGEMENT,NORTH_AMERICA,SE,FT,M,2023,157,162778.25477707008,63528.83408422776
MANAGEMENT,NORTH_AMERICA,SE,FT,M,2024,75,154108.62666666668,68597.56255790555
MANAGEMENT,NORTH_AMERICA,SE,FT,S,2020,1,190000.0,
MANAGEMENT,NORTH_AMERICA,SE,FT,S,2021,1,160000.0,
MANAGEMENT,NORTH_AMERICA,SE,FT,S,2022,1,165000.0,
MANAGEMENT,OTHER,EN,FT,M,2024,1,27000.0,
MANAGEMENT,OTHER,EN,FT,S,2023,1,18000.0,
MANAGEMENT,OTHER,EX,FT,L,2021,1,230000.0,
MANAGEMENT,OTHER,EX,FT,L,2022,1,106000.0,
MANAGEMENT,OTHER,EX,FT,M,2021,1,85000.0,
MANAGEMENT,OTHER,EX,FT,M,2023,2,112500.0,3535.5339059327375
MANAGEMENT,OTHER,MI,FT,L,2020,1,115000.0,
MANAGEMENT,OTHER,MI,FT,M,2024,2,33575.0,1977.070560197587
MANAGEMENT,OTHER,MI,FT,S,2022,1,31520.0,
MANAGEMENT,OTHER,SE,FT,L,2021,1,102839.0,
MANAGEMENT,OTHER,SE,FT,L,2023,2,37145.0,1619.2745289171937
MANAGEMENT,OTHER,SE,FT,M,2023,2,56500.0,12020.815280171308
MANAGEMENT,OTHER,SE,FT,S,2023,1,115000.0,
SPECIALIZED,ASIA_PACIFIC,EN,FT,L,2023,1,70000.0,
SPECIALIZED,ASIA_PACIFIC,EN,FT,M,2022,1,40000.0,
SPECIALIZED,ASIA_PACIFIC,EN,FT,S,2022,1,150000.0,
SPECIALIZED,ASIA_PACIFIC,EN,FT,S,2023,2,50103.5,14288.506727436567
SPECIALIZED,ASIA_PACIFIC,MI,FT,L,2023,1,81838.0,
SPECIALIZED,ASIA_PACIFIC,MI,FT,M,2022,1,15897.0,
SPECIALIZED,ASIA_PACIFIC,MI,FT,M,2023,1,32834.0,
SPECIALIZED,ASIA_PACIFIC,MI,FT,M,2024,2,92500.0,17677.66952966369
SPECIALIZED,ASIA_PACIFIC,MI,FT,S,2023,1,54000.0,
SPECIALIZED,ASIA_PACIFIC,SE,FT,L,2023,2,98241.5,87339.7082918188
SPECIALIZED,ASIA_PACIFIC,SE,FT,M,2023,1,29301.0,
SPECIALIZED,ASIA_PACIFIC,SE,FT,M,2024,8,106273.375,63698.09238887883
SPECIALIZED,EUROPE,EN,FT,L,2021,2,70332.0,9193.802368987492
SPECIALIZED,EUROPE,EN,FT,L,2022,2,32128.5,6804.488555358147
SPECIALIZED,EUROPE,EN,FT,L,2023,4,77442.25,93082.57948859176
SPECIALIZED,EUROPE,EN,FT,L,2024,1,44444.0,
SPECIALIZED,EUROPE,EN,FT,M,2022,2,27842.5,5200.770375627057
SPECIALIZED,EUROPE,EN,FT,M,2023,4,51180.25,25598.89060584462
SPECIALIZED,EUROPE,EN,FT,M,2024,5,59805.2,15047.312939525116
SPECIALIZED,EUROPE,EN,FT,S,2020,1,45896.0,
SPECIALIZED,EUROPE,EN,FT,S,2021,1,76833.0,
SPECIALIZED,EUROPE,EN,PT,L,2021,1,19073.0,
SPECIALIZED,EUROPE,EN,PT,M,2024,1,16666.0,
SPECIALIZED,EUROPE,EN,PT,S,2021,1,28609.0,
SPECIALIZED,EUROPE,EN,PT,S,2024,1,117647.0,
SPECIALIZED,EUROPE,EX,FT,S,2021,1,69741.0,
SPECIALIZED,EUROPE,MI,FL,S,2023,1,21000.0,
SPECIALIZED,EUROPE,MI,FT,L,2023,4,57868.0,28380.272220916653
SPECIALIZED,EUROPE,MI,FT,M,2022,2,60951.0,13060.262248515533
SPECIALIZED,EUROPE,MI,FT,M,2023,22,95044.68181818182,65783.98040874199
SPECIALIZED,EUROPE,MI,FT,M,2024,27,69185.25925925926,34015.59995015024
SPECIALIZED,EUROPE,MI,FT,S,2022,2,51601.0,10233.249337331716
SPECIALIZED,EUROPE,SE,FT,L,2021,1,55000.0,
SPECIALIZED,EUROPE,SE,FT,L,2022,1,68293.0,
SPECIALIZED,EUROPE,SE,FT,L,2023,3,114247.66666666667,45329.75245171027
SPECIALIZED,EUROPE,SE,FT,M,2023,21,107136.19047619047,48538.67406472807
SPECIALIZED,EUROPE,SE,FT,M,2024,18,89056.27777777778,35426.14430350018
SPECIALIZED,EUROPE,SE,FT,S,2023,2,53984.0,0.0
SPECIALIZED,NORTH_AMERICA,EN,FL,S,2022,1,50000.0,
SPECIALIZED,NORTH_AMERICA,EN,FT,L,2022,2,152500.0,67175.14421272202
SPECIALIZED,NORTH_AMERICA,EN,FT,L,2023,2,102043.5,39536.461456483434
SPECIALIZED,NORTH_AMERICA,EN,FT,M,2021,1,70000.0,
SPECIALIZED,NORTH_AMERICA,EN,FT,M,2022,2,87500.0,53033.00858899106
SPECIALIZED,NORTH_AMERICA,EN,FT,M,2023,20,102602.5,52131.08597564413
SPECIALIZED,NORTH_AMERICA,EN,FT,M,2024,24,77195.83333333333,37445.94894983466
SPECIALIZED,NORTH_AMERICA,EN,FT,S,2021,1,90000.0,
SPECIALIZED,NORTH_AMERICA,EN,PT,M,2024,2,50158.0,18390.433165099726
SPECIALIZED,NORTH_AMERICA,EX,FT,L,2023,1,215936.0,
SPECIALIZED,NORTH_AMERICA,EX,FT,M,2023,6,178500.0,26455.62322078238
SPECIALIZED,NORTH_AMERICA,EX,FT,M,2024,60,209470.81666666668,67426.74437139272
SPECIALIZED,NORTH_AMERICA,EX,FT,S,2022,1,200000.0,
SPECIALIZED,NORTH_AMERICA,MI,CT,L,2023,1,50000.0,
SPECIALIZED,NORTH_AMERICA,MI,CT,S,2022,1,60000.0,
SPECIALIZED,NORTH_AMERICA,MI,FT,L,2020,1,103000.0,
SPECIALIZED,NORTH_AMERICA,MI,FT,L,2021,3,166666.66666666666,15275.25231651947
SPECIALIZED,NORTH_AMERICA,MI,FT,L,2022,2,156500.0,61518.28996322963
SPECIALIZED,NORTH_AMERICA,MI,FT,L,2023,3,198866.66666666666,74639.48910150265
SPECIALIZED,NORTH_AMERICA,MI,FT,L,2024,2,158500.0,58689.862838483445
SPECIALIZED,NORTH_AMERICA,MI,FT,M,2022,6,146333.33333333334,30663.767978946533
SPECIALIZED,NORTH_AMERICA,MI,FT,M,2023,107,114748.8691588785,45257.792014002625
SPECIALIZED,NORTH_AMERICA,MI,FT,M,2024,195,125682.33846153846,76107.56418587794
SPECIALIZED,NORTH_AMERICA,MI,FT,S,2021,1,95746.0,
SPECIALIZED,NORTH_AMERICA,MI,FT,S,2023,2,140000.0,0.0
SPECIALIZED,NORTH_AMERICA,SE,FL,S,2020,1,60000.0,
SPECIALIZED,NORTH_AMERICA,SE,FT,L,2021,2,207500.0,60104.07640085654
SPECIALIZED,NORTH_AMERICA,SE,FT,L,2022,7,164771.42857142858,38252.91772251778
SPECIALIZED,NORTH_AMERICA,SE,FT,L,2023,6,150147.33333333334,64497.05731788596
SPECIALIZED,NORTH_AMERICA,SE,FT,L,2024,4,217700.0,108102.63641558425
SPECIALIZED,NORTH_AMERICA,SE,FT,M,2021,1,99703.0,
SPECIALIZED,NORTH_AMERICA,SE,FT,M,2022,65,152488.93846153846,61241.737835063555
SPECIALIZED,NORTH_AMERICA,SE,FT,M,2023,398,156972.9849246231,61459.9237526978
SPECIALIZED,NORTH_AMERICA,SE,FT,M,2024,408,162294.08088235295,62502.834007734054
SPECIALIZED,NORTH_AMERICA,SE,FT,S,2022,1,275000.0,
SPECIALIZED,NORTH_AMERICA,SE,FT,S,2023,2,150000.0,70710.67811865476
SPECIALIZED,NORTH_AMERICA,SE,PT,M,2024,2,152650.0,83933.5749268432
SPECIALIZED,OTHER,EN,FT,L,2024,1,26000.0,
SPECIALIZED,OTHER,EN,FT,M,2023,1,50000.0,
SPECIALIZED,OTHER,EN,FT,M,2024,2,61450.0,24536.6053071732
SPECIALIZED,OTHER,EN,FT,S,2021,1,18053.0,
SPECIALIZED,OTHER,EN,FT,S,2023,2,70000.0,70710.67811865476
SPECIALIZED,OTHER,MI,CT,S,2024,1,63333.0,
SPECIALIZED,OTHER,MI,FL,M,2021,1,45555.0,
SPECIALIZED,OTHER,MI,FT,L,2022,1,107093.0,
SPECIALIZED,OTHER,MI,FT,L,2023,1,27568.0,
SPECIALIZED,OTHER,MI,FT,M,2022,2,52533.0,0.0
SPECIALIZED,OTHER,MI,FT,M,2023,1,300000.0,
SPECIALIZED,OTHER,MI,FT,M,2024,4,44068.75,7657.361964149272
SPECIALIZED,OTHER,MI,FT,S,2021,1,30000.0,
SPECIALIZED,OTHER,MI,FT,S,2024,1,30000.0,
SPECIALIZED,OTHER,SE,FT,L,2022,1,125000.0,
SPECIALIZED,OTHER,SE,FT,L,2023,1,417937.0,
SPECIALIZED,OTHER,SE,FT,L,2024,1,90000.0,
SPECIALIZED,OTHER,SE,FT,M,2021,2,21453.5,3601.2948365830866
SPECIALIZED,OTHER,SE,FT,M,2023,4,63429.0,30965.05753264476
SPECIALIZED,OTHER,SE,FT,M,2024,2,174100.0,96025.10088513316
