employee_residence,job_title,kmeans_group,GDP_USD
AU,Data Scientist,3,1752193307380.34
US,Data Scientist,3,29184890000000.0
US,Data Science Manager,8,29184890000000.0
US,Business Intelligence Engineer,8,29184890000000.0
GB,Data Architect,6,3643834188782.91
CA,Data Analyst,9,2241253230970.34
US,Data Analyst,4,29184890000000.0
US,Business Intelligence,8,29184890000000.0
CA,Data Scientist,9,2241253230970.34
US,ML Engineer,8,29184890000000.0
US,Data Modeler,8,29184890000000.0
US,Machine Learning Engineer,0,29184890000000.0
US,Data Integration Specialist,8,29184890000000.0
US,Research Scientist,5,29184890000000.0
NL,Machine Learning Engineer,0,1227543925316.41
US,Data Engineer,2,29184890000000.0
US,Data Product Manager,8,29184890000000.0
US,Data Manager,8,29184890000000.0
US,Data Visualization Specialist,8,29184890000000.0
LT,Data Analyst,4,84869215513.3648
US,Data Science,8,29184890000000.0
GB,Data Specialist,6,3643834188782.91
GB,Data Analyst,6,3643834188782.91
US,Business Intelligence Lead,8,29184890000000.0
US,Research Analyst,8,29184890000000.0
US,Business Intelligence Analyst,8,29184890000000.0
US,AI Engineer,8,29184890000000.0
DK,AI Software Engineer,9,429457372071.869
US,Data Architect,7,29184890000000.0
US,Machine Learning Scientist,8,29184890000000.0
US,Data Science Engineer,8,29184890000000.0
US,Applied Scientist,8,29184890000000.0
US,Machine Learning Operations Engineer,8,29184890000000.0
US,Analytics Engineer,8,29184890000000.0
US,Data Management Analyst,8,29184890000000.0
FR,Data Scientist,3,3162079073495.78
US,Encounter Data Management Professional,8,29184890000000.0
CA,Data Specialist,9,2241253230970.34
US,Data Analytics Specialist,8,29184890000000.0
CA,Data Architect,9,2241253230970.34
US,Head of Data,8,29184890000000.0
CA,Machine Learning Engineer,9,2241253230970.34
US,Data Analytics Lead,8,29184890000000.0
ZA,Data Science,9,400260724226.067
NZ,Data Scientist,3,260235932558.996
AR,Data Scientist,3,633266692533.689
ES,Data Engineer,2,1722745978335.16
US,Research Engineer,1,29184890000000.0
US,AI Scientist,8,29184890000000.0
US,Business Intelligence Developer,8,29184890000000.0
CA,Data Engineer,9,2241253230970.34
CA,Machine Learning Developer,9,2241253230970.34
US,Data Management Specialist,8,29184890000000.0
GB,Data Engineer,6,3643834188782.91
CA,Data Science,9,2241253230970.34
GB,Data Scientist,6,3643834188782.91
KE,Data Analyst,4,124498691699.125
AU,Data Analyst,4,1752193307380.34
GB,Analytics Engineer,6,3643834188782.91
US,Data Infrastructure Engineer,8,29184890000000.0
US,AI Software Engineer,8,29184890000000.0
GB,BI Developer,6,3643834188782.91
LV,Data Engineer,2,43520773851.1219
US,Admin & Data Analyst,8,29184890000000.0
US,Insight Analyst,8,29184890000000.0
GE,Consultant Data Engineer,9,33776141250.5716
US,Business Intelligence Manager,8,29184890000000.0
CA,Data Management Analyst,9,2241253230970.34
US,BI Developer,8,29184890000000.0
IN,Manager Data Management,9,3912686168582.21
ZA,Data Scientist,3,400260724226.067
ES,Data Quality Manager,9,1722745978335.16
US,Data Analytics Manager,8,29184890000000.0
US,Robotics Engineer,8,29184890000000.0
LT,Analytics Engineer,9,84869215513.3648
DE,Data Scientist,3,4659929336890.62
US,Business Intelligence Specialist,8,29184890000000.0
US,Data Operations Analyst,8,29184890000000.0
US,Director of Business Intelligence,8,29184890000000.0
IL,AI Engineer,9,525181008025.57
US,Data Specialist,8,29184890000000.0
US,Data Product Owner,8,29184890000000.0
CA,Data Operations Manager,9,2241253230970.34
IN,Machine Learning Engineer,0,3912686168582.21
ES,Data Scientist,3,1722745978335.16
CA,AI Research Scientist,9,2241253230970.34
US,Data Operations Specialist,8,29184890000000.0
US,Bear Robotics,8,29184890000000.0
FI,Data Science,9,299835625550.781
US,Data Science Consultant,8,29184890000000.0
NL,Data Engineer,2,1227543925316.41
AT,Data Engineer,2,521642466921.745
DE,Data Engineer,2,4659929336890.62
US,Data Lead,8,29184890000000.0
GB,Machine Learning Engineer,6,3643834188782.91
CA,Analytics Engineer,9,2241253230970.34
CA,Machine Learning Scientist,9,2241253230970.34
US,Data Operations Associate,8,29184890000000.0
HR,AI Architect,9,71198635101.9514
IN,Data Scientist,3,3912686168582.21
CA,Research Scientist,9,2241253230970.34
DE,Lead Data Scientist,9,4659929336890.62
US,MLOps Engineer,8,29184890000000.0
US,Data Quality Manager,8,29184890000000.0
BR,BI Analyst,9,1951923942083.32
DE,Applied Research Scientist,9,4659929336890.62
US,Prompt Engineer,8,29184890000000.0
GB,Data Science,6,3643834188782.91
CH,Data Engineer,2,936564198048.516
CA,Data Manager,9,2241253230970.34
GB,Business Intelligence Analyst,6,3643834188782.91
US,BI Analyst,8,29184890000000.0
BR,Data Analyst,4,2179412080828.59
US,Data Integration Engineer,8,29184890000000.0
GB,Data Integration Specialist,6,3643834188782.91
US,Machine Learning Infrastructure Engineer,8,29184890000000.0
US,Data Developer,8,29184890000000.0
GB,AI Engineer,6,3643834188782.91
AE,CRM Data Analyst,9,537078829135.466
CH,Data Scientist,3,936564198048.516
US,ETL Developer,8,29184890000000.0
GB,Business Intelligence Manager,6,3643834188782.91
US,AI Architect,8,29184890000000.0
CA,Research Analyst,9,2241253230970.34
US,Cloud Database Engineer,8,29184890000000.0
GR,Data Analyst,4,243498333237.802
US,Data Science Analyst,8,29184890000000.0
US,Data Science Practitioner,8,29184890000000.0
GB,BI Data Analyst,6,3643834188782.91
GB,Applied Data Scientist,6,3643834188782.91
US,Data Quality Engineer,8,29184890000000.0
LT,Machine Learning Engineer,0,84869215513.3648
US,Computational Biologist,8,29184890000000.0
CA,Computational Biologist,9,2241253230970.34
PL,Applied Scientist,9,914696430325.391
FR,Data Science,9,3162079073495.78
DE,BI Data Analyst,9,4659929336890.62
SA,AI Research Scientist,9,1237529866666.67
CA,MLOps Engineer,9,2241253230970.34
IN,Big Data Engineer,9,3912686168582.21
GB,Data Developer,6,3643834188782.91
PL,Data Engineer,2,914696430325.391
CA,Business Intelligence,9,2241253230970.34
US,Data Analytics Associate,8,29184890000000.0
US,Data Reporting Analyst,8,29184890000000.0
AU,Data Specialist,9,1752193307380.34
AE,AI Engineer,9,537078829135.466
AU,Machine Learning Engineer,0,1752193307380.34
UA,Data Engineer,2,190741263731.535
AU,Data Engineer,2,1752193307380.34
US,Data Management Consultant,8,29184890000000.0
GB,Data Quality Analyst,6,3643834188782.91
US,Robotics Software Engineer,8,29184890000000.0
US,Machine Learning Researcher,8,29184890000000.0
CA,AI Architect,9,2241253230970.34
NL,Data DevOps Engineer,9,1154361305398.06
EG,AI Software Engineer,9,389059911003.566
AU,Business Intelligence Analyst,9,1752193307380.34
DE,Data Analyst,4,4659929336890.62
NL,Data Analyst,4,1227543925316.41
DE,AI Research Scientist,9,4659929336890.62
ES,Data Science Director,9,1722745978335.16
LT,Data Scientist,3,84869215513.3648
US,Data Strategist,8,29184890000000.0
US,Big Data Developer,8,29184890000000.0
PH,BI Developer,9,461617509782.355
US,Quantitative Research Analyst,8,29184890000000.0
FI,Lead Machine Learning Engineer,9,299835625550.781
TR,ML Engineer,9,1323254808058.74
CA,Machine Learning Research Engineer,9,2241253230970.34
OM,AI Engineer,9,105895708712.614
AU,Data Architect,7,1752193307380.34
CA,Business Intelligence Analyst,9,2241253230970.34
NZ,Data Architect,7,260235932558.996
GB,Data Product Manager,6,3643834188782.91
US,Data Analytics Consultant,8,29184890000000.0
US,AI Research Engineer,8,29184890000000.0
FR,Analytics Engineer,9,3162079073495.78
AU,Prompt Engineer,9,1752193307380.34
MX,Data Engineer,2,1852722885258.11
MX,Big Data Engineer,9,1852722885258.11
FR,Data Analyst,4,3162079073495.78
DE,Prompt Engineer,9,4525703903627.53
PT,Research Engineer,1,308683317392.68
LT,Data Engineer,2,84869215513.3648
GB,Research Analyst,6,3643834188782.91
MX,Data Analyst,4,1852722885258.11
BA,AI Programmer,9,28343394203.4694
BR,Machine Learning Engineer,0,2179412080828.59
AR,Machine Learning Engineer,0,633266692533.689
US,ETL Engineer,8,29184890000000.0
CA,Data Modeler,9,2241253230970.34
CA,ML Engineer,9,2241253230970.34
LV,Data Analyst,4,43520773851.1219
US,AI Product Manager,8,29184890000000.0
GB,Research Engineer,6,3643834188782.91
CA,Data Management Specialist,9,2241253230970.34
FR,AI Developer,9,3162079073495.78
ES,Admin & Data Analyst,9,1722745978335.16
EG,Data Scientist,3,389059911003.566
CA,AI Engineer,9,2241253230970.34
US,Computer Vision Engineer,8,29184890000000.0
DE,Data Manager,9,4659929336890.62
US,Head of Machine Learning,8,29184890000000.0
ZA,Data Architect,7,400260724226.067
NZ,Data Analyst Lead,9,260235932558.996
DE,Data Science,9,4659929336890.62
DE,Machine Learning Engineer,0,4659929336890.62
IT,AI Engineer,9,2372774547793.12
LV,Data Scientist,3,43520773851.1219
GB,Data Lead,6,3643834188782.91
IN,Data Analytics Manager,9,3912686168582.21
IE,Data Analyst,4,577389475009.922
ZA,Business Intelligence Analyst,9,400260724226.067
EE,Data Scientist,3,42764929169.3258
IN,Admin & Data Analyst,9,3346107287730.93
ES,Research Engineer,1,1620090734956.89
US,Data Integration Developer,8,29184890000000.0
US,ML Ops Engineer,8,29184890000000.0
US,Data Pipeline Engineer,8,29184890000000.0
DE,Admin & Data Analyst,9,4525703903627.53
ZA,Research Engineer,1,400260724226.067
ZA,Data Manager,9,400260724226.067
UA,Data Science Engineer,9,190741263731.535
US,Data Analyst,4,27720709000000.0
MT,Data Analytics Specialist,9,24322006607.9295
IN,Lead Data Analyst,9,3912686168582.21
GB,Business Intelligence Developer,6,3643834188782.91
US,Data Science Director,8,29184890000000.0
US,Data Science Lead,8,29184890000000.0
ES,Data Analyst,4,1722745978335.16
DE,Data Operations Associate,9,4659929336890.62
LV,Business Intelligence Engineer,9,43520773851.1219
CA,Data Developer,9,2241253230970.34
GB,ML Engineer,6,3643834188782.91
HR,AI Research Engineer,9,92526176108.621
US,Director of Data Science,8,29184890000000.0
ES,Machine Learning Engineer,0,1722745978335.16
US,Managing Director Data Science,8,29184890000000.0
DE,ML Engineer,9,4659929336890.62
LB,Data Quality Analyst,9,28280000000.0
AU,Research Engineer,1,1752193307380.34
RO,Data Science,9,382767571329.158
EG,Machine Learning Engineer,0,389059911003.566
IN,BI Developer,9,3912686168582.21
PT,Data Scientist,3,308683317392.68
IE,Machine Learning Engineer,0,577389475009.922
US,Data Modeler,8,27720709000000.0
US,Data Science Manager,8,27720709000000.0
US,Research Analyst,8,27720709000000.0
US,Data Engineer,2,27720709000000.0
US,ETL Developer,8,27720709000000.0
US,Machine Learning Engineer,0,27720709000000.0
US,Data Scientist,3,27720709000000.0
DE,Data Scientist,3,4525703903627.53
GB,Data Analyst,6,3369861888972.88
US,Data Specialist,8,27720709000000.0
US,Data Strategist,8,27720709000000.0
US,Prompt Engineer,8,27720709000000.0
GB,Business Intelligence Developer,6,3369861888972.88
US,Research Engineer,1,27720709000000.0
US,Business Intelligence Analyst,8,27720709000000.0
US,Data Science Lead,8,27720709000000.0
ZA,Research Engineer,1,380699271816.395
DE,ML Engineer,9,4525703903627.53
US,Analytics Engineer,8,27720709000000.0
GB,BI Developer,6,3369861888972.88
AU,Data Scientist,3,1728057316695.61
GB,Data Quality Manager,6,3369861888972.88
US,Applied Scientist,8,27720709000000.0
US,Business Intelligence Developer,8,27720709000000.0
CA,Data Engineer,9,2173339670064.33
GB,Head of Data,6,3369861888972.88
US,Research Scientist,5,27720709000000.0
US,Data Architect,7,27720709000000.0
GB,Data Engineer,6,3369861888972.88
US,Data Science,8,27720709000000.0
US,Business Intelligence Engineer,8,27720709000000.0
US,Data Science Consultant,8,27720709000000.0
CA,Machine Learning Engineer,9,2173339670064.33
US,Machine Learning Scientist,8,27720709000000.0
US,Data Product Manager,8,27720709000000.0
GB,Data Scientist,6,3369861888972.88
US,Business Intelligence Manager,8,27720709000000.0
NZ,Data Scientist,3,255194972673.122
US,ML Engineer,8,27720709000000.0
CA,Data Scientist,9,2173339670064.33
US,Data Manager,8,27720709000000.0
HU,Analytics Engineer,9,214022571311.24
US,Data Analytics Manager,8,27720709000000.0
US,Computer Vision Engineer,8,27720709000000.0
IN,AI Product Manager,9,3638489096033.86
US,Data Analytics Lead,8,27720709000000.0
US,Director of Data Science,8,27720709000000.0
GB,Data Product Owner,6,3369861888972.88
US,Data Developer,8,27720709000000.0
US,Machine Learning Infrastructure Engineer,8,27720709000000.0
CA,Data Lead,9,2173339670064.33
ES,Data Scientist,3,1620090734956.89
US,AI Engineer,8,27720709000000.0
GB,Business Intelligence Engineer,6,3369861888972.88
AU,Data Analyst,4,1728057316695.61
GB,Business Intelligence Analyst,6,3369861888972.88
US,Data Integration Engineer,8,27720709000000.0
US,Data Management Analyst,8,27720709000000.0
US,BI Developer,8,27720709000000.0
US,Data Visualization Specialist,8,27720709000000.0
US,BI Analyst,8,27720709000000.0
CA,Data Architect,9,2173339670064.33
VN,Machine Learning Engineer,0,433857681378.291
US,Data Science Engineer,8,27720709000000.0
US,Business Data Analyst,8,27720709000000.0
US,Machine Learning Operations Engineer,8,27720709000000.0
CA,Analytics Engineer,9,2173339670064.33
IN,Data Engineer,2,3638489096033.86
NG,Data Analyst Lead,9,363846332834.618
US,NLP Engineer,8,27720709000000.0
US,MLOps Engineer,8,27720709000000.0
US,Marketing Data Scientist,8,27720709000000.0
CA,Business Intelligence Analyst,9,2173339670064.33
US,AI Scientist,8,27720709000000.0
GB,Insight Analyst,6,3369861888972.88
PH,Data Analyst,4,437055627244.424
DE,Data DevOps Engineer,9,4525703903627.53
US,Machine Learning Researcher,8,27720709000000.0
GB,Data Quality Analyst,6,3369861888972.88
IE,Data Scientist,3,551394889339.778
CA,Deep Learning Engineer,9,2173339670064.33
ZA,Data Engineer,2,380699271816.395
PL,Data Analyst,4,812451128978.58
FR,AI Developer,9,3051831611384.76
US,Data Science Director,8,27720709000000.0
US,Head of Data,8,27720709000000.0
CA,Data Analyst,9,2173339670064.33
US,Machine Learning Modeler,8,27720709000000.0
CZ,AI Engineer,9,343206568134.637
NL,Data Scientist,3,1154361305398.06
PK,Data Science Consultant,9,337885531778.052
UA,BI Data Analyst,9,181221517868.744
LT,Machine Learning Engineer,0,79789877416.1681
PT,Machine Learning Engineer,0,289696962620.235
US,Data Integration Specialist,8,27720709000000.0
CA,Business Intelligence Engineer,9,2173339670064.33
US,Data Science Practitioner,8,27720709000000.0
NL,Analytics Engineer,9,1154361305398.06
GB,AI Research Engineer,6,3114042471144.39
US,Data Lead,8,27720709000000.0
PT,AI Engineer,9,289696962620.235
US,Data Management Specialist,8,27720709000000.0
US,AI Developer,8,27720709000000.0
US,AI Architect,8,27720709000000.0
GB,Machine Learning Engineer,6,3369861888972.88
US,Business Intelligence Specialist,8,27720709000000.0
GB,Machine Learning Infrastructure Engineer,6,3369861888972.88
US,Data Quality Engineer,8,27720709000000.0
GB,Director of Data Science,6,3369861888972.88
ES,Business Data Analyst,9,1620090734956.89
AU,ML Engineer,9,1728057316695.61
FR,Data Engineer,2,3051831611384.76
US,Data Quality Analyst,8,27720709000000.0
UG,Machine Learning Engineer,0,48768955859.2834
CO,Machine Learning Engineer,0,366291836137.916
UA,AI Developer,9,181221517868.744
IT,Machine Learning Engineer,0,2304605139862.79
SI,Data Analyst,4,69148468417.3208
IN,AI Programmer,9,3638489096033.86
US,Decision Scientist,8,27720709000000.0
US,Financial Data Analyst,8,27720709000000.0
RO,AI Engineer,9,350775856415.189
US,Data Strategy Manager,8,27720709000000.0
GB,Data Manager,6,3369861888972.88
GR,Data Scientist,3,243498333237.802
CO,Data Engineer,2,366291836137.916
GB,Analytics Engineer,6,3369861888972.88
PT,Insight Analyst,9,289696962620.235
UA,Machine Learning Engineer,0,181221517868.744
PT,Data Analyst,4,289696962620.235
US,Data Visualization Engineer,8,27720709000000.0
GB,AI Engineer,6,3369861888972.88
NL,Machine Learning Engineer,0,1154361305398.06
LV,Data Scientist,3,42572151720.138
MU,Azure Data Engineer,9,11408106446.3144
GB,Decision Scientist,6,3369861888972.88
DE,Data Analyst,4,4525703903627.53
PL,Data Engineer,2,812451128978.58
US,Principal Data Scientist,8,27720709000000.0
AM,Business Data Analyst,9,24085749592.3359
CA,Staff Data Analyst,9,1655684730000.19
HR,AI Engineer,9,84393795502.4421
IT,AI Developer,9,2304605139862.79
CA,Machine Learning Scientist,9,2173339670064.33
IN,Data Analyst,4,3638489096033.86
US,Data Infrastructure Engineer,8,27720709000000.0
US,Machine Learning Software Engineer,8,27720709000000.0
GB,Machine Learning Scientist,6,3369861888972.88
TH,Machine Learning Operations Engineer,9,515906283940.933
KR,AI Scientist,9,1712792854202.37
GB,AI Research Engineer,6,3369861888972.88
US,Head of Machine Learning,8,27720709000000.0
EE,Data Analyst,4,41291245222.1948
TR,Data Scientist,3,1118252958513.72
GB,Data Architect,6,3369861888972.88
GB,Research Engineer,6,3369861888972.88
IT,Applied Data Scientist,9,2304605139862.79
CA,AI Programmer,9,2173339670064.33
PH,Data Science Manager,9,437055627244.424
ES,AI Engineer,9,1620090734956.89
IN,Data Science Manager,9,3638489096033.86
IN,AI Research Engineer,9,3638489096033.86
US,Data Operations Analyst,8,27720709000000.0
ES,Machine Learning Engineer,0,1620090734956.89
CA,Machine Learning Scientist,9,2190411080134.32
DE,AI Scientist,9,4525703903627.53
BR,MLOps Engineer,9,2191131765684.63
CA,Data Integration Specialist,9,2173339670064.33
BR,Data Engineer,2,2191131765684.63
BR,Head of Data,9,2191131765684.63
PH,Business Data Analyst,9,437055627244.424
QA,AI Engineer,9,213002809340.659
IT,Applied Machine Learning Scientist,9,2104067630319.46
PT,AI Research Engineer,9,289696962620.235
IT,Data Scientist,3,2304605139862.79
ES,Research Analyst,9,1620090734956.89
IT,Research Analyst,9,2304605139862.79
RU,Research Engineer,1,2291612121334.64
GB,Data Analytics Lead,6,3369861888972.88
US,Data Operations Engineer,8,27720709000000.0
DE,Machine Learning Manager,9,4525703903627.53
KE,BI Data Analyst,9,108038588970.595
CA,BI Data Analyst,9,2173339670064.33
IN,Data Integration Specialist,9,3638489096033.86
RU,Lead Data Scientist,9,2071505725030.58
IN,Principal Machine Learning Engineer,9,3638489096033.86
ES,Principal Data Engineer,9,1620090734956.89
TN,AI Research Engineer,9,48196281783.9479
DE,Data Engineer,2,4525703903627.53
ES,Data Engineer,2,1620090734956.89
IT,Data Engineer,2,2304605139862.79
PL,Power BI Developer,9,812451128978.58
GB,Data Science Consultant,6,3369861888972.88
GH,Business Intelligence Developer,9,73919003209.9866
DE,Applied Data Scientist,9,4525703903627.53
NL,Head of Data Science,9,1154361305398.06
IN,Machine Learning Software Engineer,9,3638489096033.86
KR,AI Programmer,9,1712792854202.37
FR,Research Engineer,1,3051831611384.76
GB,Computer Vision Engineer,6,3369861888972.88
EE,Data Engineer,2,41291245222.1948
AU,Machine Learning Engineer,0,1728057316695.61
US,Staff Machine Learning Engineer,8,23681171000000.0
US,Staff Data Scientist,8,21354105000000.0
DE,Machine Learning Engineer,0,4525703903627.53
CA,Consultant Data Engineer,9,2173339670064.33
TR,BI Analyst,9,1118252958513.72
FR,Machine Learning Specialist,9,3051831611384.76
PT,Data Quality Engineer,9,289696962620.235
GB,Research Analyst,6,3369861888972.88
BR,Principal Machine Learning Engineer,9,2191131765684.63
BE,AI Architect,9,644655275111.58
US,Deep Learning Engineer,8,27720709000000.0
CA,Business Intelligence Data Analyst,9,2173339670064.33
CH,Data Science Engineer,9,894424821645.205
AD,Data Scientist,3,3785067331.7625
US,Data Operations Manager,8,27720709000000.0
EC,Data Scientist,3,121147057000.0
PE,Data Engineer,2,266958720837.988
MX,Data Manager,9,1793798859343.27
US,Head of Data Science,8,27720709000000.0
DE,Data Analyst,4,3940142541354.1
MD,Lead Machine Learning Engineer,9,16711906746.2133
IN,Data Analytics Manager,9,3638489096033.86
TR,AI Scientist,9,1118252958513.72
US,Managing Director Data Science,8,21354105000000.0
GB,Data Modeller,6,3369861888972.88
NG,Finance Data Analyst,9,363846332834.618
US,Software Data Engineer,8,27720709000000.0
SA,Machine Learning Research Engineer,9,1218584533333.33
AU,AI Scientist,9,1728057316695.61
US,Compliance Data Analyst,8,27720709000000.0
NG,Applied Scientist,9,363846332834.618
US,Data Operations Specialist,8,27720709000000.0
GH,Business Data Analyst,9,79514204730.3979
US,Data Science Manager,8,26006893000000.0
IN,Computer Vision Engineer,9,3638489096033.86
GB,Cloud Data Engineer,6,3369861888972.88
FR,Machine Learning Engineer,0,3051831611384.76
GB,Analytics Engineering Manager,6,3369861888972.88
NO,Data Scientist,3,482949731776.587
CA,Business Intelligence Developer,9,2173339670064.33
GB,Research Scientist,6,3369861888972.88
US,Business Intelligence Data Analyst,8,27720709000000.0
GH,Business Data Analyst,9,80547146878.3843
IN,NLP Engineer,9,3638489096033.86
AR,Data Engineer,2,646075277525.125
SA,Staff Data Analyst,9,1218584533333.33
IN,Applied Machine Learning Scientist,9,3638489096033.86
IN,Data Scientist,3,3638489096033.86
US,AWS Data Architect,8,27720709000000.0
US,Product Data Analyst,8,27720709000000.0
CO,Data Analyst,4,366291836137.916
EG,BI Data Analyst,9,395926075163.006
NG,Machine Learning Developer,9,440833635873.827
UZ,Data Scientist,3,102641879248.764
US,Data Visualization Analyst,8,27720709000000.0
AR,BI Data Analyst,9,646075277525.125
FR,Data Scientist,3,2796302210398.84
GE,Product Data Analyst,9,30777833600.6515
GB,Autonomous Vehicle Technician,6,3369861888972.88
JP,Research Engineer,1,4262463317796.53
NG,Sales Data Analyst,9,432198898467.795
DE,Cloud Data Engineer,9,4525703903627.53
FR,Finance Data Analyst,9,3051831611384.76
GB,Data Operations Analyst,6,3369861888972.88
GB,Data Modeler,6,3369861888972.88
US,Applied Machine Learning Engineer,8,27720709000000.0
NG,Analytics Engineer,9,363846332834.618
GB,Research Engineer,6,3114042471144.39
ZA,Machine Learning Software Engineer,9,380699271816.395
ES,NLP Engineer,9,1620090734956.89
IT,NLP Engineer,9,2304605139862.79
ES,Principal Data Scientist,9,1620090734956.89
DE,Research Engineer,1,4525703903627.53
CA,Data Strategist,9,2173339670064.33
NG,Compliance Data Analyst,9,363846332834.618
IN,Machine Learning Engineer,0,3346107287730.93
HK,Data Scientist,3,381066399066.208
IN,Applied Machine Learning Engineer,9,3638489096033.86
CH,Machine Learning Engineer,0,828508926958.393
IN,Applied Data Scientist,9,3638489096033.86
CF,Data Analyst,4,2555492085.94725
NG,Staff Data Analyst,9,432198898467.795
GB,ETL Engineer,6,3369861888972.88
FR,Data DevOps Engineer,9,3051831611384.76
AU,Applied Data Scientist,9,1728057316695.61
FI,AI Developer,9,294950618733.339
ES,Data Scientist,3,1446498147749.03
CA,AI Developer,9,2190411080134.32
UA,Machine Learning Researcher,9,181221517868.744
ES,Big Data Engineer,9,1620090734956.89
US,Lead Data Analyst,8,27720709000000.0
US,BI Data Engineer,8,27720709000000.0
NL,Data Engineer,2,1046540797548.64
IL,AI Scientist,9,512184638998.974
DE,Applied Machine Learning Scientist,9,4525703903627.53
CH,Data Scientist,3,894424821645.205
DE,Data Scientist,3,4163596357879.39
IE,Lead Data Scientist,9,548570250341.987
AT,Data Scientist,3,511685203845.001
US,Cloud Database Engineer,8,27720709000000.0
US,Applied Machine Learning Scientist,8,27720709000000.0
CO,Data Manager,9,366291836137.916
SG,Software Data Engineer,9,505439514078.019
SE,AI Developer,9,585489968189.064
IN,Lead Data Analyst,9,3638489096033.86
SI,Data Engineer,2,69148468417.3208
US,BI Developer,8,26006893000000.0
US,Data Science Lead,8,23681171000000.0
CA,ML Engineer,9,2173339670064.33
DE,Deep Learning Researcher,9,4525703903627.53
US,Data Analytics Specialist,8,27720709000000.0
DE,AI Developer,9,4525703903627.53
MX,Data Engineer,2,1793798859343.27
FR,Data Scientist,3,3051831611384.76
NG,Software Data Engineer,9,363846332834.618
UZ,Data Analyst,4,102641879248.764
US,Data Analyst,4,26006893000000.0
PT,Head of Data,9,289696962620.235
UZ,Data Science Manager,9,90095926567.4359
MX,Data Science Manager,9,1793798859343.27
DE,BI Data Analyst,9,4525703903627.53
TH,Data Science Consultant,9,515906283940.933
US,Lead Data Scientist,8,26006893000000.0
GB,Head of Data Science,6,3369861888972.88
US,Data Scientist,3,26006893000000.0
ES,AI Scientist,9,1620090734956.89
GH,AI Scientist,9,79514204730.3979
HR,Data Analyst,4,84393795502.4421
BR,Data Scientist,3,2191131765684.63
FR,Machine Learning Infrastructure Engineer,9,3051831611384.76
GB,Data Science Lead,6,3369861888972.88
ES,Data Analyst,4,1620090734956.89
KW,Data Analyst,4,165384407267.056
GB,Big Data Architect,6,3369861888972.88
ES,Research Scientist,5,1620090734956.89
US,Machine Learning Software Engineer,8,26006893000000.0
IE,Data Engineer,2,551394889339.778
IN,Product Data Analyst,9,3638489096033.86
MX,Machine Learning Engineer,0,1793798859343.27
NL,Computer Vision Software Engineer,9,1154361305398.06
CA,Research Scientist,9,2173339670064.33
CA,Director of Data Science,9,2173339670064.33
NL,Azure Data Engineer,9,1154361305398.06
IN,Research Scientist,5,3346107287730.93
SE,Big Data Engineer,9,585489968189.064
SG,Marketing Data Engineer,9,436591382250.464
CY,Data Scientist,3,33886930712.3394
IN,Head of Data Science,9,3638489096033.86
AR,Data Analyst,4,646075277525.125
FR,Machine Learning Engineer,0,2796302210398.84
AM,Machine Learning Engineer,0,24085749592.3359
US,Business Data Analyst,8,26006893000000.0
BA,AI Developer,9,27592361387.8597
KE,Applied Data Scientist,9,108038588970.595
IN,Data Analytics Lead,9,3638489096033.86
RO,Data Scientist,3,350775856415.189
TH,Data Scientist,3,515906283940.933
IN,Computer Vision Engineer,9,3346107287730.93
LV,Machine Learning Engineer,0,42572151720.138
GB,Machine Learning Research Engineer,6,3369861888972.88
ES,Data Analyst,4,1446498147749.03
PT,Data Engineer,2,289696962620.235
IN,Data Scientist,3,3167270623260.47
IN,Business Data Analyst,9,3346107287730.93
NL,Data Analytics Manager,9,1046540797548.64
US,Manager Data Management,8,26006893000000.0
US,Data Engineer,2,26006893000000.0
US,Data Science Consultant,8,26006893000000.0
US,Applied Machine Learning Scientist,8,26006893000000.0
AU,Applied Data Scientist,9,1690858246994.43
PK,AI Programmer,9,374890295666.694
US,Machine Learning Engineer,0,26006893000000.0
CA,Machine Learning Software Engineer,9,2190411080134.32
PK,Machine Learning Developer,9,374890295666.694
IN,Lead Data Scientist,9,3346107287730.93
IT,Data Science Consultant,9,2104067630319.46
US,ML Engineer,8,26006893000000.0
US,Cloud Database Engineer,8,26006893000000.0
US,Product Data Analyst,8,26006893000000.0
GB,Data Scientist,6,3114042471144.39
US,Applied Scientist,8,26006893000000.0
IN,Data Scientist,3,3346107287730.93
PL,NLP Engineer,9,695607522884.822
GB,Data Engineer,6,3114042471144.39
ES,Data Engineer,2,1446498147749.03
IN,Data Engineer,2,3346107287730.93
CO,AI Scientist,9,345632492851.448
US,Research Engineer,1,26006893000000.0
US,Analytics Engineer,8,26006893000000.0
US,Research Scientist,5,26006893000000.0
FR,Computer Vision Engineer,9,2796302210398.84
MX,Machine Learning Engineer,0,1466464899303.68
GB,Data Analyst,6,3114042471144.39
DE,BI Data Analyst,9,4163596357879.39
US,MLOps Engineer,8,26006893000000.0
IN,Data Analyst,4,3167270623260.47
CA,AI Scientist,9,2190411080134.32
US,Data Specialist,8,26006893000000.0
US,Data Architect,7,26006893000000.0
US,Principal Machine Learning Engineer,8,26006893000000.0
US,Machine Learning Researcher,8,26006893000000.0
US,Machine Learning Scientist,8,26006893000000.0
LT,Data Engineer,2,71033884499.7824
GB,Data Science Consultant,6,3114042471144.39
US,Business Data Analyst,8,21354105000000.0
US,Data Analyst,4,23681171000000.0
BE,Data Analytics Consultant,9,593614574325.878
CA,Data Engineer,9,2190411080134.32
CA,Machine Learning Researcher,9,2190411080134.32
DE,Machine Learning Research Engineer,9,4163596357879.39
US,Data Analytics Manager,8,26006893000000.0
ES,Data Science Consultant,9,1446498147749.03
GB,Deep Learning Engineer,6,3114042471144.39
IR,Machine Learning Engineer,0,394362621793.035
FR,BI Data Analyst,9,2796302210398.84
GB,Analytics Engineer,6,3114042471144.39
CA,Data Analyst,9,2190411080134.32
PT,Data Engineer,2,256898675068.927
IT,Data Management Specialist,9,2104067630319.46
AS,Autonomous Vehicle Technician,9,750000000.0
HU,Data Scientist,3,177536698164.902
US,Data Science Tech Lead,8,26006893000000.0
GB,Machine Learning Engineer,6,3114042471144.39
IT,Machine Learning Developer,9,2104067630319.46
IT,Machine Learning Scientist,9,2104067630319.46
AT,Data Scientist Lead,9,471773629830.381
US,Data Manager,8,26006893000000.0
US,Head of Data,8,26006893000000.0
CA,Machine Learning Engineer,9,2190411080134.32
US,BI Analyst,8,26006893000000.0
CN,Data Analyst,4,18316765021690.2
US,Data Operations Analyst,8,26006893000000.0
US,Data Operations Engineer,8,26006893000000.0
MX,Data Scientist,3,1466464899303.68
BR,Analytics Engineer,9,1951923942083.32
BR,Data Engineer,2,1951923942083.32
BR,Data Scientist,3,1951923942083.32
GB,Marketing Data Analyst,6,3114042471144.39
CA,Data Scientist,9,2190411080134.32
US,Data Science Lead,8,26006893000000.0
AU,Data Engineer,2,1556735770437.26
US,BI Data Analyst,8,26006893000000.0
CA,Big Data Engineer,9,2190411080134.32
AU,Data Scientist,3,1690858246994.43
IN,Principal Data Architect,9,3346107287730.93
US,Machine Learning Manager,8,26006893000000.0
CA,Data Manager,9,2190411080134.32
NG,BI Analyst,9,477403400101.174
PT,Lead Machine Learning Engineer,9,256898675068.927
DE,Research Scientist,5,4163596357879.39
AU,BI Data Analyst,9,1690858246994.43
AU,Data Analyst,4,1556735770437.26
US,Data Analytics Engineer,8,26006893000000.0
CR,Data Analyst,4,69243626028.6698
US,ETL Developer,8,26006893000000.0
US,AI Scientist,8,26006893000000.0
US,Data Scientist Lead,8,26006893000000.0
CL,Data Specialist,9,301226575540.242
PR,Machine Learning Engineer,0,113843700000.0
PT,AI Scientist,9,256898675068.927
IN,NLP Engineer,9,3346107287730.93
FI,Machine Learning Engineer,0,280253099309.34
FR,Machine Learning Research Engineer,9,2966433692008.09
TH,Machine Learning Developer,9,506194668789.937
FR,Director of Data Science,9,2796302210398.84
GB,Data Engineer,6,3143323050707.26
NL,Data Scientist,3,1046540797548.64
US,Financial Data Analyst,8,26006893000000.0
GR,Data Engineer,2,218880566444.349
DK,Computer Vision Software Engineer,9,408378204639.999
BO,Applied Machine Learning Scientist,9,44008282879.8842
US,Data Analytics Consultant,8,26006893000000.0
PH,Data Analyst,4,394087359848.11
PT,Lead Data Scientist,9,256898675068.927
US,Machine Learning Infrastructure Engineer,8,26006893000000.0
IN,Lead Machine Learning Engineer,9,3346107287730.93
DO,Data Scientist,3,113478087134.8
PR,Data Engineer,2,113843700000.0
AR,Data Analyst,4,632790070063.124
BE,Data Scientist,3,593614574325.878
GB,Lead Data Scientist,6,3114042471144.39
AT,Applied Data Scientist,9,471773629830.381
US,Cloud Data Architect,8,23681171000000.0
NL,Research Scientist,5,1046540797548.64
AR,Analytics Engineer,9,632790070063.124
FR,Applied Machine Learning Scientist,9,2796302210398.84
IN,Applied Machine Learning Scientist,9,3346107287730.93
FR,Data Analyst,4,2796302210398.84
TR,Data Scientist,3,907118434653.505
SG,Data Analyst,4,509017841146.557
US,Machine Learning Developer,8,26006893000000.0
EG,Machine Learning Scientist,9,476747720364.742
PT,Data Analyst,4,229618773422.577
ID,Data Analyst,4,1319101183380.15
AU,Data Science Manager,9,1690858246994.43
DE,Data Engineer,2,4163596357879.39
IN,AI Scientist,9,3346107287730.93
DE,Data Scientist,3,3940142541354.1
GR,ETL Developer,9,218880566444.349
CA,Lead Data Engineer,9,2190411080134.32
IN,Head of Machine Learning,9,3346107287730.93
GR,Data Analyst,4,218880566444.349
IT,Machine Learning Engineer,0,2179207773596.09
AR,Data Science Engineer,9,632790070063.124
CA,Data Architect,9,2190411080134.32
US,Head of Data Science,8,26006893000000.0
AE,Machine Learning Engineer,0,502731935194.01
CA,Machine Learning Developer,9,2190411080134.32
CA,Machine Learning Manager,9,1655684730000.19
CA,Director of Data Science,9,2190411080134.32
PT,Machine Learning Infrastructure Engineer,9,256898675068.927
US,Applied Data Scientist,8,26006893000000.0
CA,Business Data Analyst,9,2190411080134.32
IE,Machine Learning Engineer,0,548570250341.987
US,Data Scientist,3,23681171000000.0
SI,Head of Data,9,61529280461.092
MY,Head of Data,9,407605841348.235
AU,Machine Learning Engineer,0,1690858246994.43
JP,Data Scientist,3,4262463317796.53
EE,Head of Data,9,38376046174.971
NL,Machine Learning Engineer,0,1046540797548.64
PK,Data Engineer,2,300425609817.981
FR,Research Scientist,5,2796302210398.84
PL,Data Scientist,3,695607522884.822
CA,Principal Data Analyst,9,2190411080134.32
HN,Product Data Analyst,9,23352232483.755
TN,Applied Machine Learning Scientist,9,44948769171.285
CZ,Research Scientist,5,290972714482.313
PK,Data Engineer,2,374890295666.694
AT,Research Scientist,5,471773629830.381
US,Data Analytics Lead,8,26006893000000.0
US,Data Engineer,2,23681171000000.0
US,Data Science Manager,8,23681171000000.0
CH,Data Scientist,3,828508926958.393
FR,Data Engineer,2,2796302210398.84
RU,Data Scientist,3,2291612121334.64
PK,Data Analytics Engineer,9,374890295666.694
US,Principal Data Scientist,8,23681171000000.0
JP,ML Engineer,9,5039148168861.22
AU,Computer Vision Software Engineer,9,1690858246994.43
DZ,Data Scientist,3,225638456572.143
DE,Principal Data Scientist,9,4163596357879.39
BR,Computer Vision Engineer,9,1670647398904.9
VN,Applied Machine Learning Scientist,9,366474752771.009
FR,Data Scientist,3,2966433692008.09
IN,Lead Data Scientist,9,3167270623260.47
DE,Lead Machine Learning Engineer,9,4163596357879.39
IN,Machine Learning Engineer,0,3167270623260.47
US,Computer Vision Engineer,8,26006893000000.0
US,Machine Learning Scientist,8,23681171000000.0
GB,Applied Data Scientist,6,3143323050707.26
PT,ML Engineer,9,256898675068.927
US,Principal Data Engineer,8,23681171000000.0
ES,Big Data Engineer,9,1461244901852.69
IQ,Machine Learning Developer,9,209691945713.103
BE,Machine Learning Engineer,0,598522422241.851
DE,Data Engineer,2,3940142541354.1
FR,Research Scientist,5,2966433692008.09
US,Data Architect,7,23681171000000.0
US,BI Data Analyst,8,23681171000000.0
US,Director of Data Science,8,23681171000000.0
US,Big Data Engineer,8,21354105000000.0
DE,Director of Data Science,9,4348297440387.53
DE,Data Science Consultant,9,4348297440387.53
GR,Data Scientist,3,191362985554.861
RU,Head of Data Science,9,1829186719575.1
RU,Head of Data,9,1829186719575.1
US,Machine Learning Engineer,0,23681171000000.0
US,Data Analytics Manager,8,23681171000000.0
US,Research Scientist,5,21354105000000.0
FR,Data Analyst,4,2647926055110.05
AT,Data Engineer,2,434397601557.696
CA,Data Science Engineer,9,2022378748423.23
CA,Data Scientist,9,2022378748423.23
US,Data Science Consultant,8,21354105000000.0
NG,Data Scientist,3,440833635873.827
US,ML Engineer,8,23681171000000.0
ES,Machine Learning Engineer,0,1461244901852.69
IT,Director of Data Science,9,2179207773596.09
PL,Data Engineer,2,689170171187.004
US,Data Analytics Engineer,8,23681171000000.0
GB,Research Scientist,6,3143323050707.26
US,Machine Learning Engineer,0,21354105000000.0
FR,Data Analyst,4,2966433692008.09
BG,Data Analyst,4,84414122840.1687
DE,Data Analytics Engineer,9,4348297440387.53
US,Lead Data Analyst,8,23681171000000.0
PH,Data Scientist,3,361751145451.597
US,Head of Data,8,23681171000000.0
IN,BI Data Analyst,9,3167270623260.47
ES,Data Engineer,2,1289783836971.21
PT,Machine Learning Infrastructure Engineer,9,229618773422.577
GR,Marketing Data Analyst,9,218303801895.326
GB,Lead Data Engineer,6,3143323050707.26
DE,Machine Learning Engineer,0,4348297440387.53
IN,Data Engineer,2,3167270623260.47
CA,Research Scientist,9,2022378748423.23
GB,Data Analyst,6,3143323050707.26
US,Data Engineer,2,21354105000000.0
GB,Data Engineer,6,2696778386607.65
HU,BI Data Analyst,9,183282685440.486
DE,ML Engineer,9,3940142541354.1
DE,Computer Vision Software Engineer,9,4348297440387.53
US,Computer Vision Software Engineer,8,23681171000000.0
GB,Data Scientist,6,2696778386607.65
SG,Cloud Data Engineer,9,436591382250.464
US,Lead Data Engineer,8,23681171000000.0
BR,Cloud Data Engineer,9,1670647398904.9
US,Data Scientist,3,21354105000000.0
PT,Research Scientist,5,256055879091.139
FR,Data Engineer,2,2647926055110.05
MX,Data Engineer,2,1121064767401.51
US,Principal Data Analyst,8,23681171000000.0
US,Data Analyst,4,21354105000000.0
CA,Big Data Architect,9,2022378748423.23
NL,Research Scientist,5,932560861701.17
AE,Lead Data Scientist,9,349473015330.157
JP,Machine Learning Scientist,9,5054068005376.28
US,Head of Data Science,8,23681171000000.0
GB,Big Data Engineer,6,2696778386607.65
NL,Data Engineer,2,1054472123449.6
JE,Research Scientist,5,7013000000.0
TR,Data Scientist,3,819865223976.115
ES,AI Scientist,9,1461244901852.69
NL,Machine Learning Engineer,0,1054472123449.6
US,Staff Data Scientist,8,23681171000000.0
DE,Data Engineer,2,4348297440387.53
TR,Data Engineer,2,819865223976.115
PR,Lead Data Engineer,9,106426600000.0
RS,Data Scientist,3,66159884072.5308
DE,Data Analyst,4,4348297440387.53
US,Lead Data Scientist,8,21354105000000.0
IN,Big Data Engineer,9,3167270623260.47
CA,Data Analyst,9,2022378748423.23
HU,Data Scientist,3,158468487754.196
IN,Data Science Manager,9,3167270623260.47
CO,Machine Learning Engineer,0,318524633225.395
NZ,Lead Data Engineer,9,213029554653.687
FR,Data Scientist,3,2647926055110.05
IN,Data Scientist,3,2674851578587.27
FR,Data Science Consultant,9,2966433692008.09
VN,Data Analytics Engineer,9,366474752771.009
US,Lead Data Analyst,8,21354105000000.0
RO,Data Engineer,2,286578196368.297
DE,Data Scientist,3,4348297440387.53
CL,Data Scientist,3,315325547162.072
US,Data Science Consultant,8,23681171000000.0
US,Machine Learning Infrastructure Engineer,8,23681171000000.0
ES,Data Scientist,3,1461244901852.69
GB,Data Scientist,6,3143323050707.26
PL,Machine Learning Engineer,0,689170171187.004
JP,Data Engineer,2,5054068005376.28
PL,Big Data Engineer,9,605914186117.953
PT,Lead Data Engineer,9,229618773422.577
DK,Computer Vision Engineer,9,408378204639.999
GR,Data Engineer,2,191362985554.861
US,BI Data Analyst,8,21354105000000.0
HK,Data Engineer,2,368954169748.818
SI,Machine Learning Engineer,0,61529280461.092
IT,Data Engineer,2,2179207773596.09
US,Director of Data Science,8,21354105000000.0
DK,AI Scientist,9,355631021931.621
GR,Data Science Engineer,9,218303801895.326
IT,Data Scientist,3,1907481094079.23
GB,Finance Data Analyst,6,3143323050707.26
JP,Machine Learning Engineer,0,5039148168861.22
MD,Big Data Engineer,9,13691869264.0794
RU,Computer Vision Engineer,9,1493075894362.14
LU,Business Data Analyst,9,86386759695.1653
DE,Principal Data Scientist,9,4348297440387.53
DE,Principal Data Scientist,9,3940142541354.1
ES,Data Scientist,3,1289783836971.21
IN,AI Scientist,9,3167270623260.47
AT,Data Scientist,3,434397601557.696
IN,Lead Data Analyst,9,3167270623260.47
US,Data Science Manager,8,21354105000000.0
HR,Machine Learning Engineer,0,57963370885.0798
JP,Director of Data Science,9,5039148168861.22
SG,Data Scientist,3,436591382250.464
US,Applied Machine Learning Scientist,8,23681171000000.0
MT,Data Engineer,2,19723563354.6779
US,Data Specialist,8,23681171000000.0
